4000.0,0.0
3999.0,0.0
3998.0,0.0
3997.0,0.0
3996.0,0.0
3995.0,0.0
3994.0,0.0
3993.0,0.0
3992.0,0.0
3991.0,0.0
3990.0,0.0
3989.0,0.0
3988.0,0.0
3987.0,0.0
3986.0,0.0
3985.0,0.0
3984.0,0.0
3983.0,0.0
3982.0,0.0
3981.0,0.0
3980.0,0.0
3979.0,0.0
3978.0,0.0
3977.0,0.0
3976.0,0.0
3975.0,0.0
3974.0,0.0
3973.0,0.0
3972.0,0.0
3971.0,0.0
3970.0,0.0
3969.0,0.0
3968.0,0.0
3967.0,0.0
3966.0,0.0
3965.0,0.0
3964.0,0.0
3963.0,0.0
3962.0,0.0
3961.0,0.0
3960.0,0.0
3959.0,0.0
3958.0,0.0
3957.0,0.0
3956.0,0.0
3955.0,0.0
3954.0,0.0
3953.0,0.0
3952.0,0.0
3951.0,0.0
3950.0,0.0
3949.0,0.0
3948.0,0.0
3947.0,0.0
3946.0,0.0
3945.0,0.0
3944.0,0.0
3943.0,0.0
3942.0,0.0
3941.0,0.0
3940.0,0.0
3939.0,0.0
3938.0,0.0
3937.0,0.0
3936.0,0.0
3935.0,0.0
3934.0,0.0
3933.0,0.0
3932.0,0.0
3931.0,0.0
3930.0,0.0
3929.0,0.0
3928.0,0.0
3927.0,0.0
3926.0,0.0
3925.0,0.0
3924.0,0.0
3923.0,0.0
3922.0,0.0
3921.0,0.0
3920.0,0.0
3919.0,0.0
3918.0,0.0
3917.0,0.0
3916.0,0.0
3915.0,0.0
3914.0,0.0
3913.0,0.0
3912.0,0.0
3911.0,0.0
3910.0,0.0
3909.0,0.0
3908.0,0.0
3907.0,0.0
3906.0,0.0
3905.0,0.0
3904.0,0.0
3903.0,0.0
3902.0,0.0
3901.0,0.0
3900.0,0.0
3899.0,0.0
3898.0,0.0
3897.0,0.0
3896.0,0.0
3895.0,0.0
3894.0,0.0
3893.0,0.0
3892.0,0.0
3891.0,0.0
3890.0,0.0
3889.0,0.0
3888.0,0.0
3887.0,0.0
3886.0,0.0
3885.0,0.0
3884.0,0.0
3883.0,0.0
3882.0,0.0
3881.0,0.0
3880.0,0.0
3879.0,0.0
3878.0,0.0
3877.0,0.0
3876.0,0.0
3875.0,0.0
3874.0,0.0
3873.0,0.0
3872.0,0.0
3871.0,0.0
3870.0,0.0
3869.0,0.0
3868.0,0.0
3867.0,0.0
3866.0,0.0
3865.0,0.0
3864.0,0.0
3863.0,0.0
3862.0,0.0
3861.0,0.0
3860.0,0.0
3859.0,0.0
3858.0,0.0
3857.0,0.0
3856.0,0.0
3855.0,0.0
3854.0,0.0
3853.0,0.0
3852.0,0.0
3851.0,0.0
3850.0,0.0
3849.0,0.0
3848.0,0.0
3847.0,0.0
3846.0,0.0
3845.0,0.0
3844.0,0.0
3843.0,0.0
3842.0,0.0
3841.0,0.0
3840.0,0.0
3839.0,0.0
3838.0,0.0
3837.0,0.0
3836.0,0.0
3835.0,0.0
3834.0,0.0
3833.0,0.0
3832.0,0.0
3831.0,0.0
3830.0,0.0
3829.0,0.0
3828.0,0.0
3827.0,0.0
3826.0,0.0
3825.0,0.0
3824.0,0.0
3823.0,0.0
3822.0,0.0
3821.0,0.0
3820.0,0.0
3819.0,0.0
3818.0,0.0
3817.0,0.0
3816.0,0.0
3815.0,0.0
3814.0,0.0
3813.0,0.0
3812.0,0.0
3811.0,0.0
3810.0,0.0
3809.0,0.0
3808.0,0.0
3807.0,0.0
3806.0,0.0
3805.0,-0.002965092880080084
3804.0,-0.00222381966006006
3803.0,0.0014001827489267145
3802.0,0.007083277435746883
3801.0,0.014001827489267087
3800.0,0.02133219599835397
3799.0,0.028250746051874172
3798.0,0.03393384073869434
3797.0,0.03759710762532799
3796.0,0.03840080111902792
3795.0,0.035390020932829516
3794.0,0.03522138466513028
3793.0,0.03496642793029931
3792.0,0.03466177922278578
3791.0,0.03434406703703887
3790.0,0.034049919867507744
3789.0,0.03381596620864159
3788.0,0.033678834554889577
3787.0,0.03367515340070088
3786.0,0.03374229936647288
3785.0,0.03376266107575142
3784.0,0.03376266107575142
3783.0,0.03376266107575142
3782.0,0.03376266107575142
3781.0,0.03376266107575142
3780.0,0.03376266107575142
3779.0,0.03376266107575142
3778.0,0.03376266107575142
3777.0,0.03376266107575142
3776.0,0.03376266107575142
3775.0,0.03376266107575142
3774.0,0.03376266107575142
3773.0,0.03376266107575142
3772.0,0.03376266107575142
3771.0,0.03376266107575142
3770.0,0.03376266107575142
3769.0,0.03376266107575142
3768.0,0.03376266107575142
3767.0,0.03379135435716683
3766.0,0.033816132404758135
3765.0,0.03377825822458197
3764.0,0.0336699207021939
3763.0,0.03350443190851737
3762.0,0.0333563023754748
3761.0,0.03326779028765099
3760.0,0.03324263997453567
3759.0,0.03328085143612885
3758.0,0.0333824246724305
3757.0,0.03355996678345887
3756.0,0.033746695964102395
3755.0,0.03380683433788584
3754.0,0.033726552526138945
3753.0,0.033605409877188255
3752.0,0.03352711884188684
3751.0,0.033495623358312826
3750.0,0.03349711554668921
3749.0,0.033530114133811253
3748.0,0.0336142431002821
3747.0,0.03374121300173886
3746.0,0.03381425122939726
3745.0,0.033743978539582505
3744.0,0.0335539276188818
3743.0,0.03337971424538843
3742.0,0.033271553851679715
3741.0,0.033228773649121565
3740.0,0.033251373637714
3739.0,0.03333935381745701
3738.0,0.03349672188917409
3737.0,0.03369682507946355
3736.0,0.033818484045317676
3735.0,0.033810956450950475
3734.0,0.03366746375103321
3733.0,0.03347253828094812
3732.0,0.033333030079545814
3731.0,0.03325994939299193
3730.0,0.03324972429518858
3729.0,0.03330235478613578
3728.0,0.033417840865833534
3727.0,0.03358605195720023
3726.0,0.03372907042712646
3725.0,0.03382868690180882
3724.0,0.03386039460726767
3723.0,0.03379321192207369
3722.0,0.03368911404230341
3721.0,0.033556160997549725
3720.0,0.03340137915543617
3719.0,0.03324303048546497
3718.0,0.033099400509120865
3717.0,0.03298877474788862
3716.0,0.032929438723253
3715.0,0.03293967795669872
3714.0,0.03297243598677294
3713.0,0.03297821220405555
3712.0,0.03297821220405555
3711.0,0.03297821220405555
3710.0,0.03297821220405555
3709.0,0.03297821220405555
3708.0,0.03297821220405555
3707.0,0.03297821220405555
3706.0,0.03297821220405555
3705.0,0.03297821220405555
3704.0,0.032953565017961255
3703.0,0.032924624555611195
3702.0,0.03295744602651211
3701.0,0.03304910883546604
3700.0,0.03318132746098818
3699.0,0.03333581638159383
3698.0,0.03349429007579818
3697.0,0.03366273006267898
3696.0,0.033803639275289135
3695.0,0.03383201866216687
3694.0,0.033723227223552116
3693.0,0.033526688700191376
3692.0,0.033364471657184695
3691.0,0.03326669246733711
3690.0,0.03323351761515972
3689.0,0.03326494710065256
3688.0,0.0333609809238156
3687.0,0.033521619084648846
3686.0,0.03368551989728611
3685.0,0.03374860660403988
3684.0,0.03371636039722396
3683.0,0.0337200262412614
3682.0,0.033851573048230124
3681.0,0.03406219586019537
3680.0,0.034332163318074205
3679.0,0.034660528581282546
3678.0,0.035022631190886486
3677.0,0.03539944399137329
3676.0,0.03584439513361881
3675.0,0.036319814707822994
3674.0,0.036800991788858504
3673.0,0.03734752066991622
3672.0,0.03790959556785528
3671.0,0.0383063428181835
3670.0,0.0384692422919303
3669.0,0.03838378660862886
3668.0,0.038057054739545376
3667.0,0.03752604714899248
3666.0,0.03696443570688368
3665.0,0.03647007455967581
3664.0,0.035962804512446524
3663.0,0.03543799811391535
3662.0,0.035068748937728635
3661.0,0.034848367371414855
3660.0,0.03474692732361747
3659.0,0.03475621516763999
3658.0,0.03484420665990924
3657.0,0.034965794763697725
3656.0,0.035143765998278
3655.0,0.035390771914930605
3654.0,0.03552561512509676
3653.0,0.03541517296409765
3652.0,0.03520806709340291
3651.0,0.0349454563688262
3650.0,0.03463794472500342
3649.0,0.03432013091069994
3648.0,0.03402864342036493
3647.0,0.03380011074844756
3646.0,0.033671161389397006
3645.0,0.033678423837662445
3644.0,0.03374763558323133
3643.0,0.03376266107575142
3642.0,0.03376266107575142
3641.0,0.03376266107575142
3640.0,0.03376266107575142
3639.0,0.03376266107575142
3638.0,0.03376266107575142
3637.0,0.03376266107575142
3636.0,0.03376266107575142
3635.0,0.03376266107575142
3634.0,0.03372122247384819
3633.0,0.03365918155294675
3632.0,0.03370990546915843
3631.0,0.03387682544482222
3630.0,0.03410325628892109
3629.0,0.03441221550152467
3628.0,0.03481400020571447
3627.0,0.03520588331308847
3626.0,0.03550861977872254
3625.0,0.035738003102486836
3624.0,0.03579585667888172
3623.0,0.03563031419109684
3622.0,0.035367595000783424
3621.0,0.03501247969617066
3620.0,0.03459747475307879
3619.0,0.03423721383590541
3618.0,0.03397624598841005
3617.0,0.03377505040070467
3616.0,0.033662693759000016
3615.0,0.03368969632164628
3614.0,0.03375203303919754
3613.0,0.03376266107575142
3612.0,0.03376266107575142
3611.0,0.03376266107575142
3610.0,0.03376266107575142
3609.0,0.03376266107575142
3608.0,0.03376266107575142
3607.0,0.03376266107575142
3606.0,0.03376266107575142
3605.0,0.03376266107575142
3604.0,0.03376266107575142
3603.0,0.03376266107575142
3602.0,0.03376266107575142
3601.0,0.03376266107575142
3600.0,0.03376266107575142
3599.0,0.03376266107575142
3598.0,0.03376266107575142
3597.0,0.03376266107575142
3596.0,0.03375476389817323
3595.0,0.03368726684379169
3594.0,0.03366365627885484
3593.0,0.03377249604357352
3592.0,0.03398692382821724
3591.0,0.03427031113833683
3590.0,0.0345860294794831
3589.0,0.03489745035720691
3588.0,0.03516794527705905
3587.0,0.035360885744590356
3586.0,0.03543964326535166
3585.0,0.03538755165488307
3584.0,0.03533788703322406
3583.0,0.03533402348762106
3582.0,0.03533402348762106
3581.0,0.03533402348762106
3580.0,0.03533402348762106
3579.0,0.03533402348762106
3578.0,0.03533402348762106
3577.0,0.03533402348762106
3576.0,0.03533402348762106
3575.0,0.03533402348762106
3574.0,0.03533402348762106
3573.0,0.03533402348762106
3572.0,0.03533402348762106
3571.0,0.03533402348762106
3570.0,0.03533402348762106
3569.0,0.03533402348762106
3568.0,0.03533402348762106
3567.0,0.03533402348762106
3566.0,0.03533402348762106
3565.0,0.03533402348762106
3564.0,0.03533402348762106
3563.0,0.03533402348762106
3562.0,0.03533402348762106
3561.0,0.03533402348762106
3560.0,0.03533402348762106
3559.0,0.035354179403968386
3558.0,0.035420003447975426
3557.0,0.03537917717572459
3556.0,0.035183333220243924
3555.0,0.034994495225781415
3554.0,0.03486699616666058
3553.0,0.03480246544668924
3552.0,0.034800903065867396
3551.0,0.03486230902419504
3550.0,0.03498668332167218
3549.0,0.03517402595829881
3548.0,0.0353733872566414
3547.0,0.03542019829235241
3546.0,0.03535618547180216
3545.0,0.03533466808692964
3544.0,0.03533402348762106
3543.0,0.03533402348762106
3542.0,0.03533402348762106
3541.0,0.03533402348762106
3540.0,0.035333594425353755
3539.0,0.035296045473906724
3538.0,0.035278034225041985
3537.0,0.03533186828776579
3536.0,0.03543920460879006
3535.0,0.03558170013482669
3534.0,0.03574101181258756
3533.0,0.035898796588784594
3532.0,0.03603671141012966
3531.0,0.03613641322333467
3530.0,0.03617955897511153
3529.0,0.03614889018623667
3528.0,0.036120940473680654
3527.0,0.036120940473680654
3526.0,0.036120940473680654
3525.0,0.036120940473680654
3524.0,0.036120940473680654
3523.0,0.036120940473680654
3522.0,0.036120940473680654
3521.0,0.036120940473680654
3520.0,0.036120940473680654
3519.0,0.036120940473680654
3518.0,0.036120940473680654
3517.0,0.036120940473680654
3516.0,0.036120940473680654
3515.0,0.036120940473680654
3514.0,0.036120940473680654
3513.0,0.036120940473680654
3512.0,0.036120940473680654
3511.0,0.036120940473680654
3510.0,0.036120940473680654
3509.0,0.036120940473680654
3508.0,0.036120940473680654
3507.0,0.036120940473680654
3506.0,0.036120940473680654
3505.0,0.036120940473680654
3504.0,0.036120940473680654
3503.0,0.036120940473680654
3502.0,0.036120940473680654
3501.0,0.036120940473680654
3500.0,0.036120940473680654
3499.0,0.03609509508489757
3498.0,0.03606384734339697
3497.0,0.03610231358163786
3496.0,0.036198576923601365
3495.0,0.03633427505819711
3494.0,0.03649104567433473
3493.0,0.03665052646092386
3492.0,0.03679435510687412
3491.0,0.03690416930109516
3490.0,0.036961606732496634
3489.0,0.03694830508998813
3488.0,0.03691123346190322
3487.0,0.03690868361945736
3486.0,0.03690868361945736
3485.0,0.03690868361945736
3484.0,0.03690868361945736
3483.0,0.03690868361945736
3482.0,0.03690868361945736
3481.0,0.03690868361945736
3480.0,0.03690868361945736
3479.0,0.03690868361945736
3478.0,0.03690868361945736
3477.0,0.03690868361945736
3476.0,0.03690868361945736
3475.0,0.03690868361945736
3474.0,0.03690868361945736
3473.0,0.03690868361945736
3472.0,0.03690868361945736
3471.0,0.03690868361945736
3470.0,0.03690868361945736
3469.0,0.03690868361945736
3468.0,0.03690868361945736
3467.0,0.03690868361945736
3466.0,0.03690868361945736
3465.0,0.03690868361945736
3464.0,0.03690868361945736
3463.0,0.03690868361945736
3462.0,0.03690868361945736
3461.0,0.03690868361945736
3460.0,0.03690868361945736
3459.0,0.03690868361945736
3458.0,0.03690868361945736
3457.0,0.03690868361945736
3456.0,0.03690868361945736
3455.0,0.03684426598876797
3454.0,0.03679237081965941
3453.0,0.03688810337358611
3452.0,0.03709468109291744
3451.0,0.03737532142002276
3450.0,0.03769324179727144
3449.0,0.03801165966703283
3448.0,0.038293792471676275
3447.0,0.038502857653571164
3446.0,0.03860207265508684
3445.0,0.03855465491859268
3444.0,0.038486655341811775
3443.0,0.038486655341811775
3442.0,0.038486655341811775
3441.0,0.03845538300153161
3440.0,0.038428160246507435
3439.0,0.0384751422057623
3438.0,0.03857790855141442
3437.0,0.03871803895558204
3436.0,0.038877113090383386
3435.0,0.039036710627936684
3434.0,0.03917841124036016
3433.0,0.03928379459977204
3432.0,0.03933444037829057
3431.0,0.03931192824803396
3430.0,0.03927688740793975
3429.0,0.03925591736572828
3428.0,0.03922329436361277
3427.0,0.03925084325412629
3426.0,0.03933920279088206
3425.0,0.039469933225511955
3424.0,0.03962459480964788
3423.0,0.03978474779492173
3422.0,0.03993195243296537
3421.0,0.040047768975410715
3420.0,0.040113757673889645
3419.0,0.04011147878003405
3418.0,0.04007550015217701
3417.0,0.040067952612931654
3416.0,0.040067952612931654
3415.0,0.040067952612931654
3414.0,0.040067952612931654
3413.0,0.040067952612931654
3412.0,0.040067952612931654
3411.0,0.040067952612931654
3410.0,0.040067952612931654
3409.0,0.040067952612931654
3408.0,0.040067952612931654
3407.0,0.040067952612931654
3406.0,0.040067952612931654
3405.0,0.040067952612931654
3404.0,0.040067952612931654
3403.0,0.04004865128109724
3402.0,0.039977642477006525
3401.0,0.03998235047656752
3400.0,0.04012149112626851
3399.0,0.04035812650381179
3398.0,0.04065531868689974
3397.0,0.04097612975323468
3396.0,0.04128362178051896
3395.0,0.041540856846454935
3394.0,0.04171089702874494
3393.0,0.041756804405091316
3392.0,0.04169043053088895
3391.0,0.04165258947950112
3390.0,0.04165258947950112
3389.0,0.04165258947950112
3388.0,0.04165258947950112
3387.0,0.04165258947950112
3386.0,0.04165258947950112
3385.0,0.04165258947950112
3384.0,0.04165258947950112
3383.0,0.04165258947950112
3382.0,0.04166891348393782
3381.0,0.04174068932916656
3380.0,0.04174256922610083
3379.0,0.04160836871025436
3378.0,0.04137502570392479
3377.0,0.04107947812940978
3376.0,0.04075866390900697
3375.0,0.040426552015990054
3374.0,0.04005796600551935
3373.0,0.039876694375259286
3372.0,0.040023000480772106
3371.0,0.04043712261009222
3370.0,0.04092060281520808
3369.0,0.04140207150748565
3368.0,0.041874060449668654
3367.0,0.04230298173091654
3366.0,0.042571358813075603
3365.0,0.04258806941274727
3364.0,0.04237423600655562
3363.0,0.04216397920130116
3362.0,0.04200331803174256
3361.0,0.04184794396267758
3360.0,0.04171635525041236
3359.0,0.04162705015125304
3358.0,0.04159852692150574
3357.0,0.04163115390807658
3356.0,0.04165258947950112
3355.0,0.04165258947950112
3354.0,0.04165258947950112
3353.0,0.04165258947950112
3352.0,0.04165258947950112
3351.0,0.04165258947950112
3350.0,0.04165258947950112
3349.0,0.04165258947950112
3348.0,0.04165258947950112
3347.0,0.041646921047878795
3346.0,0.041610360616553405
3345.0,0.041603835332606316
3344.0,0.04166685375690472
3343.0,0.04178091763314247
3342.0,0.04192752870501344
3341.0,0.042088188716211485
3340.0,0.042244399410430476
3339.0,0.04237766253136428
3338.0,0.042454928008910965
3337.0,0.04245241672350125
3336.0,0.04245731972475776
3335.0,0.04254428894540064
3334.0,0.04260097026682475
3333.0,0.04263410948195337
3332.0,0.04270950672163904
3331.0,0.04280864414433503
3330.0,0.04291300390849458
3329.0,0.043004068172570964
3328.0,0.0430633190950174
3327.0,0.043109022585826565
3326.0,0.04320826344992241
3325.0,0.04329420057997773
3324.0,0.04327393663789934
3323.0,0.04324058007738974
3322.0,0.04324058007738974
3321.0,0.04324058007738974
3320.0,0.04324058007738974
3319.0,0.04324058007738974
3318.0,0.04324058007738974
3317.0,0.04324058007738974
3316.0,0.04324058007738974
3315.0,0.04324058007738974
3314.0,0.04324058007738974
3313.0,0.043272402990279527
3312.0,0.043296116836102315
3311.0,0.04321128835296205
3310.0,0.04309561521538752
3309.0,0.043013495263490936
3308.0,0.04296492849727231
3307.0,0.04294991491673166
3306.0,0.04296845452186897
3305.0,0.04302054731268423
3304.0,0.04310472000944684
3303.0,0.04319495772878531
3302.0,0.04320359062825636
3301.0,0.043198891105854176
3300.0,0.04332954122828051
3299.0,0.043577751126589674
3298.0,0.04388095012715371
3297.0,0.04420204362496053
3296.0,0.044503937014998024
3295.0,0.044749535692254074
3294.0,0.04490174505171659
3293.0,0.04492719461213697
3292.0,0.0448618648556879
3291.0,0.04483193863240908
3290.0,0.04483193863240908
3289.0,0.04483193863240908
3288.0,0.04483193863240908
3287.0,0.04483193863240908
3286.0,0.04483193863240908
3285.0,0.04483193863240908
3284.0,0.04483193863240908
3283.0,0.04483193863240908
3282.0,0.04483193863240908
3281.0,0.04483193863240908
3280.0,0.04481194974246794
3279.0,0.044778800501738714
3278.0,0.044804026687360804
3277.0,0.044891147505370904
3276.0,0.04502158610887435
3275.0,0.04517676565097648
3274.0,0.045338109284782616
3273.0,0.045487040163398086
3272.0,0.04560498143992822
3271.0,0.045673356267478364
3270.0,0.04566655765022983
3269.0,0.045556944970959995
3268.0,0.045524120803263714
3267.0,0.0456426437916754
3266.0,0.0458665596483913
3265.0,0.04616340671305929
3264.0,0.04654415011710931
3263.0,0.046910188771818954
3262.0,0.047085652639984335
3261.0,0.04706902420662762
3260.0,0.04686030347174881
3259.0,0.04647726108957243
3258.0,0.04610543711991555
3257.0,0.045822572455251565
3256.0,0.04561435254214684
3255.0,0.04551799037273991
3254.0,0.04555868862826486
3253.0,0.04562562747757653
3252.0,0.045586845815394184
3251.0,0.045528231364856064
3250.0,0.04558085045751796
3249.0,0.04575650035120545
3248.0,0.04601796805378002
3247.0,0.046328040573103094
3246.0,0.0466495049170361
3245.0,0.04694514809344049
3244.0,0.0471777571101777
3243.0,0.047310118975109186
3242.0,0.047311738394503706
3241.0,0.04724471139725009
3240.0,0.047225322726934596
3239.0,0.047225322726934596
3238.0,0.047225322726934596
3237.0,0.047225322726934596
3236.0,0.047225322726934596
3235.0,0.047225322726934596
3234.0,0.047225322726934596
3233.0,0.047225322726934596
3232.0,0.04722296169760923
3231.0,0.04720267880177443
3230.0,0.0471767649120444
3229.0,0.04720546795694491
3228.0,0.047295020902581246
3227.0,0.04742678751947885
3226.0,0.04758213157816316
3225.0,0.047742416849159655
3224.0,0.04788900710299378
3223.0,0.048007417570140064
3222.0,0.048097703645435634
3221.0,0.048117498948556006
3220.0,0.04803835163106531
3219.0,0.047925044715195896
3218.0,0.04778217328478178
3217.0,0.047603327223693974
3216.0,0.04741747471673613
3215.0,0.04730342589733709
3214.0,0.047288088445109726
3213.0,0.04737146236005404
3212.0,0.04754305367396546
3211.0,0.04773500096244787
3210.0,0.047884948058693075
3209.0,0.048000438624516154
3208.0,0.048065521558341845
3207.0,0.04806701957422309
3206.0,0.048035461767722956
3205.0,0.048024816971392596
3204.0,0.048024816971392596
3203.0,0.048024816971392596
3202.0,0.048024816971392596
3201.0,0.048024816971392596
3200.0,0.048024816971392596
3199.0,0.048024816971392596
3198.0,0.048024816971392596
3197.0,0.04802667615312575
3196.0,0.04804507831808853
3195.0,0.04807260661297923
3194.0,0.04804920113676736
3193.0,0.047963551748534144
3192.0,0.0478342946777541
3191.0,0.04766929359474267
3190.0,0.04747491756349389
3189.0,0.04732913519565164
3188.0,0.04728202794526653
3187.0,0.04733359581233858
3186.0,0.04747913919859786
3185.0,0.0476723093631838
3184.0,0.04783896376845822
3183.0,0.0479683279927057
3182.0,0.04805361272221169
3181.0,0.04807618172750165
3180.0,0.04804462941475329
3179.0,0.048024816971392596
3178.0,0.048024816971392596
3177.0,0.048024816971392596
3176.0,0.048024816971392596
3175.0,0.048024816971392596
3174.0,0.048024816971392596
3173.0,0.048024816971392596
3172.0,0.048024816971392596
3171.0,0.048024816971392596
3170.0,0.048024816971392596
3169.0,0.04802336092318848
3168.0,0.048006460967665046
3167.0,0.047977596359618915
3166.0,0.047996745818039824
3165.0,0.04807933212574441
3164.0,0.04820669917460959
3163.0,0.048360190856512275
3162.0,0.048521151063329375
3161.0,0.04867092368693784
3160.0,0.04879085261921454
3159.0,0.04886228175203643
3158.0,0.04885995687743946
3157.0,0.048766885604310445
3156.0,0.04872177000211993
3155.0,0.04883480789825697
3154.0,0.04905514551152823
3153.0,0.04935171710513347
3152.0,0.04972110194276281
3151.0,0.05007591835674438
3150.0,0.05021688891650164
3149.0,0.050188264563930086
3148.0,0.05010742275593804
3147.0,0.049962973654225716
3146.0,0.049872028867120013
3145.0,0.04990600848885677
3144.0,0.05000470307088028
3143.0,0.050168112613190534
3142.0,0.05037301921699997
3141.0,0.05048129375922612
3140.0,0.05044232127159334
3139.0,0.05044640506385871
3138.0,0.05056279146823153
3137.0,0.050711544911250385
3136.0,0.05087394939358295
3135.0,0.0510312889158969
3134.0,0.05116389152331248
3133.0,0.051239880312520365
3132.0,0.05123910976194449
3131.0,0.05122130819928692
3130.0,0.0512680644463538
3129.0,0.05133474282477699
3128.0,0.051450889332057284
3127.0,0.05172089301246484
3126.0,0.052090390388100226
3125.0,0.05250311299314321
3124.0,0.05290279236177352
3123.0,0.0532309122487093
3122.0,0.05344952524852272
3121.0,0.05360961933403117
3120.0,0.05371086434951649
3119.0,0.053739183002248975
3118.0,0.05381027197072752
3117.0,0.05402428100485142
3116.0,0.05438312290282395
3115.0,0.05503605033369829
3114.0,0.05592960147997377
3113.0,0.05688245699191651
3112.0,0.057916157094910485
3111.0,0.05907182816619046
3110.0,0.060310469784230325
3109.0,0.06162792805042784
3108.0,0.06309888899637164
3107.0,0.06486839844146419
3106.0,0.06712242647757745
3105.0,0.06998741279216612
3104.0,0.07330610007599554
3103.0,0.07676136062187632
3102.0,0.08018163980873919
3101.0,0.08320167742703367
3100.0,0.0854907629341091
3099.0,0.08676777037229966
3098.0,0.08752418181886996
3097.0,0.0882858144423322
3096.0,0.08958262734011688
3095.0,0.09185757431491035
3094.0,0.09543995679741196
3093.0,0.10054150095586491
3092.0,0.10735442001598862
3091.0,0.11534809055368267
3090.0,0.12387681526596633
3089.0,0.1319121101467097
3088.0,0.13918265155963191
3087.0,0.1454227878444323
3086.0,0.1504871704106705
3085.0,0.15432733794213294
3084.0,0.1576502282994503
3083.0,0.16133240535055005
3082.0,0.16549101980407108
3081.0,0.169810537670764
3080.0,0.17418889935315443
3079.0,0.17740744013657553
3078.0,0.17834899213518718
3077.0,0.17636209119047688
3076.0,0.17108894902336574
3075.0,0.16277773853486618
3074.0,0.15265245388087834
3073.0,0.14213747709532148
3072.0,0.13217593121879798
3071.0,0.12388252937379213
3070.0,0.11829583778682069
3069.0,0.11522069664732809
3068.0,0.11411490365827828
3067.0,0.11484867700155235
3066.0,0.11797795361182908
3065.0,0.12317695459516409
3064.0,0.12980331668373388
3063.0,0.13716959715523053
3062.0,0.1444516423665679
3061.0,0.15079617741082021
3060.0,0.15581279087213
3059.0,0.15937071813294149
3058.0,0.16082328638158536
3057.0,0.15987167821401482
3056.0,0.15754857645470918
3055.0,0.1539716307588151
3054.0,0.14903232505918368
3053.0,0.14289580535214821
3052.0,0.13627736361701456
3051.0,0.12968789120253937
3050.0,0.12358530583274568
3049.0,0.11863923921220139
3048.0,0.11455183846456367
3047.0,0.11098309063976465
3046.0,0.10828141520613284
3045.0,0.10642667858519624
3044.0,0.1050794245254001
3043.0,0.10408293764556799
3042.0,0.10387979247423118
3041.0,0.10453060952341722
3040.0,0.10560122780442166
3039.0,0.10719070429434031
3038.0,0.10961406252438624
3037.0,0.11274286644950059
3036.0,0.11607090329779159
3035.0,0.11972758468669384
3034.0,0.12384331499044808
3033.0,0.12836164148671905
3032.0,0.1337439373593783
3031.0,0.1404499713813361
3030.0,0.14791281195361644
3029.0,0.15552023530657288
3028.0,0.16300843814158894
3027.0,0.16980376604233732
3026.0,0.17439965387750855
3025.0,0.17628355258742903
3024.0,0.17487394292365835
3023.0,0.1699530785845054
3022.0,0.1618864711423129
3021.0,0.15229870246671745
3020.0,0.14235441406824012
3019.0,0.13291619340934202
3018.0,0.1251061446888094
3017.0,0.11975088594041762
3016.0,0.11635552772451167
3015.0,0.11454040830969808
3014.0,0.11387183814469833
3013.0,0.1140257532303578
3012.0,0.11479988051959608
3011.0,0.116627739350472
3010.0,0.11942589622049306
3009.0,0.12247633500382452
3008.0,0.1250010840463658
3007.0,0.12620484110620567
3006.0,0.12527049896014622
3005.0,0.1221959443089123
3004.0,0.11745169054413468
3003.0,0.1116184909405285
3002.0,0.10536881354597126
3001.0,0.09925039889568232
3000.0,0.09394670725204764
2999.0,0.08976177522981073
2998.0,0.08656874648713155
2997.0,0.08405188439664128
2996.0,0.08201963694359575
2995.0,0.08072520540595444
2994.0,0.08016805805749341
2993.0,0.08014020012313025
2992.0,0.0803203544447258
2991.0,0.0805050435711788
2990.0,0.08082525994109015
2989.0,0.08132622061653944
2988.0,0.08188870322598667
2987.0,0.08243998544755772
2986.0,0.0829857041072969
2985.0,0.08359666720866217
2984.0,0.0842687567053238
2983.0,0.08488026619385865
2982.0,0.08536791855279897
2981.0,0.08571225066905307
2980.0,0.08587108279256064
2979.0,0.08581681941430401
2978.0,0.0855075105383579
2977.0,0.08487091285114647
2976.0,0.08392089970739182
2975.0,0.08276630296549428
2974.0,0.08128700845177353
2973.0,0.0792363858924134
2972.0,0.07680291978807886
2971.0,0.07425442269515742
2970.0,0.07180990303722921
2969.0,0.06964974728670369
2968.0,0.0678702781099187
2967.0,0.06648788697865309
2966.0,0.06552606674102122
2965.0,0.0649288989599548
2964.0,0.06435696019811199
2963.0,0.06353584531189249
2962.0,0.06263651388511965
2961.0,0.0617982900280989
2960.0,0.06106487452362596
2959.0,0.06039761798104405
2958.0,0.05974528520312604
2957.0,0.059100171702438274
2956.0,0.05849363155415394
2955.0,0.057940254712725084
2954.0,0.05744901345842615
2953.0,0.057092318051141275
2952.0,0.056924539590978866
2951.0,0.05688039292236158
2950.0,0.056800057926175894
2949.0,0.05662448795845472
2948.0,0.05636670910848281
2947.0,0.056069564366381094
2946.0,0.05576907707066517
2945.0,0.055452328463265914
2944.0,0.055155059602186696
2943.0,0.054933781359552666
2942.0,0.05481356163757617
2941.0,0.05471501274912591
2940.0,0.05459931977417632
2939.0,0.054510003607209104
2938.0,0.05441826210422803
2937.0,0.05432942891825064
2936.0,0.054221804427493345
2935.0,0.054102198648575635
2934.0,0.05400932574250288
2933.0,0.05386727251118703
2932.0,0.053624773699043955
2931.0,0.05328528841130373
2930.0,0.052902846210633854
2929.0,0.05250348145563265
2928.0,0.052074163696871026
2927.0,0.05165937767252859
2926.0,0.05124002824714731
2925.0,0.05082763117587702
2924.0,0.05041861211431686
2923.0,0.04991614476025148
2922.0,0.04930360835045142
2921.0,0.048684414227350675
2920.0,0.04817197915546937
2919.0,0.0477218170061467
2918.0,0.04729508716768159
2917.0,0.04691971754763758
2916.0,0.04655963930341337
2915.0,0.04622627381761389
2914.0,0.04594774073104571
2913.0,0.045721898216324997
2912.0,0.04556420517320371
2911.0,0.0455313616269225
2910.0,0.04559393177996939
2909.0,0.045607419530031515
2908.0,0.045544352398982774
2907.0,0.04554362946795606
2906.0,0.04567943020769
2905.0,0.04591454162604602
2904.0,0.046211750730885556
2903.0,0.04653384453007007
2902.0,0.046864709631735946
2901.0,0.047187511548835256
2900.0,0.04736324449217451
2899.0,0.047280917713406284
2898.0,0.04701077884156913
2897.0,0.04669254299658713
2896.0,0.04634026736115352
2895.0,0.045939838820302045
2894.0,0.04554704721306594
2893.0,0.045247967501774435
2892.0,0.04510123482284939
2891.0,0.04499026472301025
2890.0,0.04477009601193575
2889.0,0.04446296997438416
2888.0,0.044162504782995195
2887.0,0.04387007761961454
2886.0,0.04354760445281849
2885.0,0.043235161225853906
2884.0,0.04309964081602821
2883.0,0.043236559847400144
2882.0,0.0435962396022616
2881.0,0.04395810237589065
2880.0,0.044185593671666704
2879.0,0.044298961584434
2878.0,0.044302293226815115
2877.0,0.04413558903018479
2876.0,0.04377511435314537
2875.0,0.04331328968228382
2874.0,0.04293764807596752
2873.0,0.04271722205286917
2872.0,0.04259749108716904
2871.0,0.04246189379035311
2870.0,0.04227812557791442
2869.0,0.042116277622378503
2868.0,0.04198803357854349
2867.0,0.04186895594032089
2866.0,0.041797502325286146
2865.0,0.04171875022625909
2864.0,0.04156700952606479
2863.0,0.041405773486137935
2862.0,0.041188140346080766
2861.0,0.04081893268058709
2860.0,0.04033753673772211
2859.0,0.03981775051603337
2858.0,0.039333372014068384
2857.0,0.03896134900160102
2856.0,0.03876104706840244
2855.0,0.0386318424464617
2854.0,0.038453749100974155
2853.0,0.0382800303471217
2852.0,0.038082962084165034
2851.0,0.037814275914929696
2850.0,0.037530013745069896
2849.0,0.037231422769488806
2848.0,0.036928739316129625
2847.0,0.03667710825371334
2846.0,0.036523712529250026
2845.0,0.03642349101832057
2844.0,0.03629589515069832
2843.0,0.036170638797453365
2842.0,0.03608989165745334
2841.0,0.03607201604178859
2840.0,0.03610317445754877
2839.0,0.036120940473680654
2838.0,0.036120940473680654
2837.0,0.036120940473680654
2836.0,0.036120940473680654
2835.0,0.036120940473680654
2834.0,0.036120940473680654
2833.0,0.036120940473680654
2832.0,0.036120940473680654
2831.0,0.036120940473680654
2830.0,0.036120940473680654
2829.0,0.036120940473680654
2828.0,0.036120940473680654
2827.0,0.036120940473680654
2826.0,0.036120940473680654
2825.0,0.036120940473680654
2824.0,0.036120940473680654
2823.0,0.036120940473680654
2822.0,0.036120940473680654
2821.0,0.036120940473680654
2820.0,0.036120940473680654
2819.0,0.036120940473680654
2818.0,0.036120940473680654
2817.0,0.036120940473680654
2816.0,0.036120940473680654
2815.0,0.036120940473680654
2814.0,0.036120940473680654
2813.0,0.036120940473680654
2812.0,0.036120940473680654
2811.0,0.036120940473680654
2810.0,0.036120940473680654
2809.0,0.036120940473680654
2808.0,0.036120940473680654
2807.0,0.036120940473680654
2806.0,0.036120940473680654
2805.0,0.036120940473680654
2804.0,0.036120940473680654
2803.0,0.036120940473680654
2802.0,0.036120940473680654
2801.0,0.036120940473680654
2800.0,0.036120940473680654
2799.0,0.036120940473680654
2798.0,0.036120940473680654
2797.0,0.036120940473680654
2796.0,0.036120940473680654
2795.0,0.036120940473680654
2794.0,0.036120940473680654
2793.0,0.036120940473680654
2792.0,0.036120940473680654
2791.0,0.036120940473680654
2790.0,0.036120940473680654
2789.0,0.036120940473680654
2788.0,0.036120940473680654
2787.0,0.036120940473680654
2786.0,0.03613776328020984
2785.0,0.03616791832647475
2784.0,0.036153618368931106
2783.0,0.036075665327412
2782.0,0.035952402255205525
2781.0,0.03580217220559979
2780.0,0.0356433182318829
2779.0,0.03549418338734294
2778.0,0.03537311072526804
2777.0,0.035298443298946276
2776.0,0.035288524161665766
2775.0,0.035319172050210276
2774.0,0.03533402348762106
2773.0,0.03533402348762106
2772.0,0.03533402348762106
2771.0,0.03533402348762106
2770.0,0.03533402348762106
2769.0,0.03533402348762106
2768.0,0.03533402348762106
2767.0,0.03533402348762106
2766.0,0.03533402348762106
2765.0,0.03533402348762106
2764.0,0.03533402348762106
2763.0,0.03533402348762106
2762.0,0.03533402348762106
2761.0,0.03533402348762106
2760.0,0.03533402348762106
2759.0,0.03533402348762106
2758.0,0.03533402348762106
2757.0,0.03533402348762106
2756.0,0.03533402348762106
2755.0,0.03534957536527286
2754.0,0.035403483667018995
2753.0,0.0353956014151897
2752.0,0.03522984894037507
2751.0,0.03502624324327368
2750.0,0.0348859249076153
2749.0,0.03480889393339995
2748.0,0.0347951503206276
2747.0,0.03484469406929827
2746.0,0.034957525179411954
2745.0,0.03513364365096866
2744.0,0.035367996149302854
2743.0,0.03552067591185949
2742.0,0.0354605188631802
2741.0,0.03528637264746369
2740.0,0.03501201808397889
2739.0,0.0346244801208531
2738.0,0.03417867277402025
2737.0,0.03372951005941427
2736.0,0.033331905992969084
2735.0,0.03304077459061864
2734.0,0.03291102986829684
2733.0,0.0329109883307723
2732.0,0.0329382081713749
2731.0,0.032967183778790404
2730.0,0.03297821220405555
2729.0,0.03297821220405555
2728.0,0.03297821220405555
2727.0,0.03297821220405555
2726.0,0.03297821220405555
2725.0,0.03297821220405555
2724.0,0.03297821220405555
2723.0,0.03301025024269123
2722.0,0.033072587363534904
2721.0,0.03304490808287552
2720.0,0.03289025638216259
2719.0,0.032645146052752115
2718.0,0.03234609088600004
2717.0,0.03202960467326233
2716.0,0.03173220120589497
2715.0,0.03149039427525391
2714.0,0.031340697672695116
2713.0,0.03131962518957457
2712.0,0.03138270557514136
2711.0,0.03141177055488457
2710.0,0.03141177055488457
2709.0,0.03141177055488457
2708.0,0.03141177055488457
2707.0,0.03141177055488457
2706.0,0.03141177055488457
2705.0,0.03141177055488457
2704.0,0.03141177055488457
2703.0,0.03141177055488457
2702.0,0.03141177055488457
2701.0,0.031413145207011224
2700.0,0.03143802746496508
2699.0,0.031460551083191055
2698.0,0.03142796835089674
2697.0,0.031336993053666176
2696.0,0.031205853540942016
2695.0,0.0310527781621669
2694.0,0.030895995266783483
2693.0,0.030753733204234395
2692.0,0.030644220323962294
2691.0,0.030585684975409817
2690.0,0.030592880692921695
2689.0,0.03062126310776308
2688.0,0.030629774363795055
2687.0,0.030629774363795055
2686.0,0.030629774363795055
2685.0,0.030629774363795055
2684.0,0.030629774363795055
2683.0,0.030629774363795055
2682.0,0.030629774363795055
2681.0,0.030629774363795055
2680.0,0.030629774363795055
2679.0,0.030629774363795055
2678.0,0.030629774363795055
2677.0,0.030629774363795055
2676.0,0.030629774363795055
2675.0,0.030629774363795055
2674.0,0.030629774363795055
2673.0,0.030629774363795055
2672.0,0.030629774363795055
2671.0,0.030629774363795055
2670.0,0.030629774363795055
2669.0,0.030629774363795055
2668.0,0.030629774363795055
2667.0,0.030629774363795055
2666.0,0.030629774363795055
2665.0,0.030629774363795055
2664.0,0.030629774363795055
2663.0,0.030629774363795055
2662.0,0.030629774363795055
2661.0,0.030629774363795055
2660.0,0.030629774363795055
2659.0,0.030629774363795055
2658.0,0.030629774363795055
2657.0,0.030629774363795055
2656.0,0.030629774363795055
2655.0,0.030629774363795055
2654.0,0.030629774363795055
2653.0,0.030629774363795055
2652.0,0.030629774363795055
2651.0,0.030629774363795055
2650.0,0.030629774363795055
2649.0,0.030629774363795055
2648.0,0.030629774363795055
2647.0,0.030629774363795055
2646.0,0.030629774363795055
2645.0,0.030629774363795055
2644.0,0.030629774363795055
2643.0,0.030629774363795055
2642.0,0.030629774363795055
2641.0,0.030629774363795055
2640.0,0.030629774363795055
2639.0,0.030629774363795055
2638.0,0.030629774363795055
2637.0,0.030651916465050083
2636.0,0.030679518514773747
2635.0,0.030654445613775824
2634.0,0.030568936590528548
2633.0,0.030441200816491494
2632.0,0.030289447663124244
2631.0,0.030131886501886376
2630.0,0.029986726704237465
2629.0,0.02987217764163709
2628.0,0.02980644868554482
2627.0,0.029807749207420242
2626.0,0.02983831826721716
2625.0,0.02984859232817918
2624.0,0.02984859232817918
2623.0,0.02984859232817918
2622.0,0.02984859232817918
2621.0,0.02984859232817918
2620.0,0.02984859232817918
2619.0,0.02984859232817918
2618.0,0.02984859232817918
2617.0,0.02984859232817918
2616.0,0.02984859232817918
2615.0,0.02984859232817918
2614.0,0.02984859232817918
2613.0,0.02984859232817918
2612.0,0.02984859232817918
2611.0,0.02984859232817918
2610.0,0.02984859232817918
2609.0,0.02984859232817918
2608.0,0.02984859232817918
2607.0,0.02984859232817918
2606.0,0.02984859232817918
2605.0,0.02984859232817918
2604.0,0.02984859232817918
2603.0,0.02984859232817918
2602.0,0.029887906393153113
2601.0,0.029947194703997506
2600.0,0.02990433716160702
2599.0,0.0297388910346844
2598.0,0.029487218289979748
2597.0,0.02918568089424314
2596.0,0.028870640814224666
2595.0,0.02857846001667441
2594.0,0.02834550046834245
2593.0,0.028208124135978875
2592.0,0.028202692986333773
2591.0,0.028266191766362022
2590.0,0.028288663954600526
2589.0,0.028288663954600526
2588.0,0.028288663954600526
2587.0,0.028288663954600526
2586.0,0.028288663954600526
2585.0,0.02829635803206826
2584.0,0.028323768061442704
2583.0,0.02833109034076602
2582.0,0.028278738819848416
2581.0,0.028174091618959902
2580.0,0.02803530141197397
2579.0,0.0278805208727641
2578.0,0.027727902675203784
2577.0,0.027595599493166492
2576.0,0.02750176400052572
2575.0,0.02746454887115494
2574.0,0.027482657860884205
2573.0,0.02750565178466188
2572.0,0.027509914245428084
2571.0,0.027509914245428084
2570.0,0.027509914245428084
2569.0,0.027509914245428084
2568.0,0.027509914245428084
2567.0,0.027509914245428084
2566.0,0.027509914245428084
2565.0,0.027509914245428084
2564.0,0.027509914245428084
2563.0,0.027509914245428084
2562.0,0.027509914245428084
2561.0,0.027509914245428084
2560.0,0.027509914245428084
2559.0,0.027509914245428084
2558.0,0.027509914245428084
2557.0,0.027516423228127494
2556.0,0.027543315184914156
2555.0,0.02755344147049738
2554.0,0.0275048484162883
2553.0,0.02740292437402076
2552.0,0.027265803196752127
2551.0,0.027111618737539797
2550.0,0.026958504849441147
2549.0,0.026824595385513572
2548.0,0.026728024198814447
2547.0,0.02668692514240116
2546.0,0.026702978807507584
2545.0,0.026726929772918517
2544.0,0.026731971949266298
2543.0,0.026731971949266298
2542.0,0.026731971949266298
2541.0,0.026731971949266298
2540.0,0.026731971949266298
2539.0,0.026731971949266298
2538.0,0.026731971949266298
2537.0,0.026731971949266298
2536.0,0.026731971949266298
2535.0,0.026731971949266298
2534.0,0.026731971949266298
2533.0,0.026731971949266298
2532.0,0.026731971949266298
2531.0,0.026731971949266298
2530.0,0.026731971949266298
2529.0,0.026731971949266298
2528.0,0.026731971949266298
2527.0,0.026731971949266298
2526.0,0.026731971949266298
2525.0,0.026731971949266298
2524.0,0.026731971949266298
2523.0,0.026731971949266298
2522.0,0.026731971949266298
2521.0,0.026731971949266298
2520.0,0.026731971949266298
2519.0,0.026731971949266298
2518.0,0.026764062995046484
2517.0,0.02682569732023471
2516.0,0.02679767356504792
2515.0,0.02664387606164451
2514.0,0.02640051620951667
2513.0,0.026103805408156596
2512.0,0.025789955057056474
2511.0,0.025495176555708494
2510.0,0.02525568130360484
2509.0,0.02513002209727972
2508.0,0.025136824252055056
2507.0,0.025173907435862918
2506.0,0.025117240594046387
2505.0,0.024990179399327933
2504.0,0.024839414381511587
2503.0,0.024683023164642992
2502.0,0.024539083372767768
2501.0,0.02442567262993155
2500.0,0.024360868560179966
2499.0,0.024372377111921497
2498.0,0.024430634815419787
2497.0,0.02444326038161177
2496.0,0.024384967388013334
2495.0,0.02425514786034741
2494.0,0.02408660894782534
2493.0,0.02395582967673248
2492.0,0.0238892119046024
2491.0,0.0238867556314351
2490.0,0.023963286872084318
2489.0,0.02411940536560393
2488.0,0.024274713035122786
2487.0,0.0243361130057107
2486.0,0.024285500793386778
2485.0,0.02413825574418756
2484.0,0.023951215602811927
2483.0,0.023792999283346494
2482.0,0.023671926662383495
2481.0,0.023595612007482704
2480.0,0.02358211427709629
2479.0,0.023612015558796207
2478.0,0.023628243521895565
2477.0,0.023628243521895565
2476.0,0.023628243521895565
2475.0,0.023628243521895565
2474.0,0.023674443697754725
2473.0,0.023730017535545486
2472.0,0.023673269092385023
2471.0,0.023498553603177166
2470.0,0.02324193314194936
2469.0,0.02293946978272904
2468.0,0.022627225599543638
2467.0,0.022341262666420593
2466.0,0.022117643057387337
2465.0,0.021992428846471315
2464.0,0.022001682107699955
2463.0,0.022064681137234487
2462.0,0.02208118054611855
2461.0,0.02208118054611855
2460.0,0.02208118054611855
2459.0,0.02208118054611855
2458.0,0.02208118054611855
2457.0,0.022089026171298067
2456.0,0.022116299871550223
2455.0,0.022123048557945543
2454.0,0.022070451872502936
2453.0,0.021966189057888635
2452.0,0.021828263306332547
2451.0,0.021674677810064585
2450.0,0.02152343576131463
2449.0,0.021392540352312594
2448.0,0.021299994775288385
2447.0,0.021263802222471897
2446.0,0.021325249746705688
2445.0,0.021405789642508045
2444.0,0.021357617326667952
2443.0,0.02118661656585083
2442.0,0.020932822445526734
2441.0,0.020632185851338324
2440.0,0.020320657668928266
2439.0,0.020034188783939227
2438.0,0.01980873008201387
2437.0,0.019680232448794858
2436.0,0.01966842720546262
2435.0,0.0196754250785589
2434.0,0.019683343250292046
2433.0,0.01979362405762057
2432.0,0.02000562582872733
2431.0,0.020283397677969665
2430.0,0.0205909887197049
2429.0,0.020892448068290388
2428.0,0.021151824838083453
2427.0,0.02133316814344143
2426.0,0.02140052709872165
2425.0,0.021358950272894334
2424.0,0.02131584391132877
2423.0,0.02130884359945573
2422.0,0.02130884359945573
2421.0,0.02130884359945573
2420.0,0.02130884359945573
2419.0,0.02130884359945573
2418.0,0.02130884359945573
2417.0,0.02130884359945573
2416.0,0.02130884359945573
2415.0,0.02130884359945573
2414.0,0.02130884359945573
2413.0,0.02130884359945573
2412.0,0.02130884359945573
2411.0,0.02130884359945573
2410.0,0.02130884359945573
2409.0,0.02130884359945573
2408.0,0.02130884359945573
2407.0,0.02130884359945573
2406.0,0.02130884359945573
2405.0,0.02130884359945573
2404.0,0.02130884359945573
2403.0,0.02130884359945573
2402.0,0.02130884359945573
2401.0,0.021321680538190512
2400.0,0.021378388994466868
2399.0,0.021395943703750555
2398.0,0.021294495741635375
2397.0,0.02108864932799907
2396.0,0.020814355348484297
2395.0,0.020507564688733725
2394.0,0.020204228234390022
2393.0,0.019940296871095844
2392.0,0.019765930163575942
2391.0,0.019719051301218423
2390.0,0.019746110144580713
2389.0,0.019720753644405127
2388.0,0.019611931132353582
2387.0,0.019466813223279065
2386.0,0.019311792521350225
2385.0,0.019164816795927613
2384.0,0.01904383381637178
2383.0,0.018987865614348468
2382.0,0.01900306597796336
2381.0,0.01897606161047027
2380.0,0.018881832982715736
2379.0,0.018794018344575638
2378.0,0.018737968564447052
2377.0,0.018714774931902847
2376.0,0.018745123792815854
2375.0,0.0188179972308385
2374.0,0.018867540166185394
2373.0,0.018890617928634678
2372.0,0.018851888837072114
2371.0,0.018694455259742157
2370.0,0.0185094733262485
2369.0,0.01836140878116459
2368.0,0.018248589545769075
2367.0,0.018156039847955868
2366.0,0.01813320953092942
2365.0,0.01820360485907045
2364.0,0.018317932091298186
2363.0,0.018480113498392663
2362.0,0.018605651775023973
2361.0,0.0186623136299361
2360.0,0.018711038046471624
2359.0,0.01875742733455062
2358.0,0.01878355212334919
2357.0,0.018771483042043433
2356.0,0.018774031508309363
2355.0,0.018832546521962146
2354.0,0.018927087451130885
2353.0,0.018993539937569283
2352.0,0.018984895766811765
2351.0,0.018989166298674705
2350.0,0.01904866967854641
2349.0,0.019119214330334512
2348.0,0.019281798338511638
2347.0,0.0195697801822223
2346.0,0.019911105578911136
2345.0,0.02027061060108608
2344.0,0.020611122693170194
2343.0,0.02096323113540388
2342.0,0.0214109956994607
2341.0,0.021926703454201862
2340.0,0.0224000376103631
2339.0,0.02276952515992486
2338.0,0.023118816666995
2337.0,0.023444975962289206
2336.0,0.02368359606112705
2335.0,0.023854802182123904
2334.0,0.02403260276684029
2333.0,0.0243459473841037
2332.0,0.02482442080963204
2331.0,0.02545566945230333
2330.0,0.02631376621130857
2329.0,0.027267746863434073
2328.0,0.028211604123216206
2327.0,0.029110310412642296
2326.0,0.029903747084083693
2325.0,0.03052846572843717
2324.0,0.030974547255511405
2323.0,0.031238999016261777
2322.0,0.031335919639675205
2321.0,0.03136590581643427
2320.0,0.03143401074662728
2319.0,0.03145878637176798
2318.0,0.03143243568291234
2317.0,0.03141376747132737
2316.0,0.03141177055488457
2315.0,0.03139157293573836
2314.0,0.03132975115576147
2313.0,0.03131364565642154
2312.0,0.03140872258447635
2311.0,0.03165163734142362
2310.0,0.0320192095046866
2309.0,0.03245751845550801
2308.0,0.032911764881047134
2307.0,0.033327149468463255
2306.0,0.033648872904915646
2305.0,0.033822135877563594
2304.0,0.033843194166408186
2303.0,0.03381169678404405
2302.0,0.03377552967779584
2301.0,0.03377234156490816
2300.0,0.033802958508901235
2299.0,0.03380402781642856
2298.0,0.03374263900262123
2297.0,0.03367927465902397
2296.0,0.033594468109053637
2295.0,0.03337293193683237
2294.0,0.03304710004370985
2293.0,0.032684821150913305
2292.0,0.03230631642449515
2291.0,0.031931266917469434
2290.0,0.0315425430587213
2289.0,0.031121957805683175
2288.0,0.03078511050770405
2287.0,0.030547265505901863
2286.0,0.03027256486269958
2285.0,0.02985366807550583
2284.0,0.029372189423153738
2283.0,0.028925595573340845
2282.0,0.0285126957921034
2281.0,0.02814204743828707
2280.0,0.027755361576218888
2279.0,0.027342049962676966
2278.0,0.02696077195527325
2277.0,0.026530424837872622
2276.0,0.026034837278454456
2275.0,0.025477764486786365
2274.0,0.024835657982123917
2273.0,0.02417896759188602
2272.0,0.02352539698897638
2271.0,0.022960412235379243
2270.0,0.02247821559082199
2269.0,0.02197222346479873
2268.0,0.021456837659594403
2267.0,0.0210204020776962
2266.0,0.020672227235151427
2265.0,0.020339109953293265
2264.0,0.019994892350735705
2263.0,0.01967955502727058
2262.0,0.019411729774038215
2261.0,0.0192186554845654
2260.0,0.018964034630507783
2259.0,0.01856897124297666
2258.0,0.018107766198983872
2257.0,0.017691421265189605
2256.0,0.017318974075805807
2255.0,0.016952422287173377
2254.0,0.016644381395917167
2253.0,0.01643170101154602
2252.0,0.01631055662768194
2251.0,0.016225171041686613
2250.0,0.016106373592224325
2249.0,0.016015992207515588
2248.0,0.01592975379394392
2247.0,0.01584437277316034
2246.0,0.0157570156951174
2245.0,0.015628176920558404
2244.0,0.015475127682396903
2243.0,0.015355120985144612
2242.0,0.015294521858265204
2241.0,0.015200071350269889
2240.0,0.015045579570439137
2239.0,0.014843481492132478
2238.0,0.014572096151995003
2237.0,0.014265558419733156
2236.0,0.013972588594017022
2235.0,0.01373005213098533
2234.0,0.013593658678875416
2233.0,0.013589100877555702
2232.0,0.013648081499343814
2231.0,0.013620459607672362
2230.0,0.013461528117333836
2229.0,0.013220415864101599
2228.0,0.012935311349373028
2227.0,0.012641799732335313
2226.0,0.012375466172175643
2225.0,0.0121718958280812
2224.0,0.01206667385923917
2223.0,0.012044698575857734
2222.0,0.01206718116150379
2221.0,0.012097190051462996
2220.0,0.012102282971369158
2219.0,0.012102282971369158
2218.0,0.012102282971369158
2217.0,0.012102282971369158
2216.0,0.012102282971369158
2215.0,0.012102282971369158
2214.0,0.012102282971369158
2213.0,0.012102282971369158
2212.0,0.012102282971369158
2211.0,0.012102282971369158
2210.0,0.012102282971369158
2209.0,0.012102282971369158
2208.0,0.012102282971369158
2207.0,0.012102282971369158
2206.0,0.012102282971369158
2205.0,0.012102282971369158
2204.0,0.012102282971369158
2203.0,0.012102282971369158
2202.0,0.012102282971369158
2201.0,0.012102282971369158
2200.0,0.012102282971369158
2199.0,0.012142973487071699
2198.0,0.012203832539223938
2197.0,0.012152391366101991
2196.0,0.01198364697356457
2195.0,0.011732923538754996
2194.0,0.011412134007152958
2193.0,0.011040746516798877
2192.0,0.010770163723558906
2191.0,0.010682707544349697
2190.0,0.010564996951908405
2189.0,0.01063834931961681
2188.0,0.01128709750728031
2187.0,0.01234325944121155
2186.0,0.01371993677332847
2185.0,0.015386470332510394
2184.0,0.017039349735848683
2183.0,0.01790796357297401
2182.0,0.017910652286111918
2181.0,0.0170837364147295
2180.0,0.01543403473143703
2179.0,0.013547066198530277
2178.0,0.01198314440363833
2177.0,0.010794247228842119
2176.0,0.010173994708384503
2175.0,0.010204650535290056
2174.0,0.010502304718659513
2173.0,0.010528980914427973
2172.0,0.010465685763658663
2171.0,0.010308636287124659
2170.0,0.01002424812327889
2169.0,0.009659971515039136
2168.0,0.00926498917599763
2167.0,0.008834588551632053
2166.0,0.008518344653287052
2165.0,0.00840312391670033
2164.0,0.008448854244577557
2163.0,0.00867627964372109
2162.0,0.00903824033358147
2161.0,0.009376324633908938
2160.0,0.009644352868026907
2159.0,0.009865233941432601
2158.0,0.01004382385280878
2157.0,0.009994081157768151
2156.0,0.009756743443093241
2155.0,0.009400226836648626
2154.0,0.008951075917739562
2153.0,0.008523744033385022
2152.0,0.008169102534345997
2151.0,0.007922556492848376
2150.0,0.007819510981118046
2149.0,0.0078953710713809
2148.0,0.008115289836171366
2147.0,0.00828059058604011
2146.0,0.008345268216164837
2145.0,0.008338556704093218
2144.0,0.008305426923908848
2143.0,0.008299308396136719
2142.0,0.008299308396136719
2141.0,0.008326936434931124
2140.0,0.008356033892051497
2139.0,0.008313265172375815
2138.0,0.008216305971907792
2137.0,0.008082831986651147
2136.0,0.007912334138990226
2135.0,0.0077271084225820855
2134.0,0.007612291665149337
2133.0,0.007591018819451505
2132.0,0.007663289885488588
2131.0,0.007829104863260586
2130.0,0.008018626210259424
2129.0,0.008160796218933094
2128.0,0.008273943660096856
2127.0,0.008340392837746992
2126.0,0.008342468055879787
2125.0,0.00834408684912799
2124.0,0.008354034360753222
2123.0,0.008303489686028693
2122.0,0.00820097623195435
2121.0,0.008064169694533914
2120.0,0.007910745769771098
2119.0,0.007758380153669622
2118.0,0.007624748542233198
2117.0,0.0075275266314655444
2116.0,0.007484390117370378
2115.0,0.007513014695951414
2114.0,0.007541021037577289
2113.0,0.007541021037577289
2112.0,0.007541021037577289
2111.0,0.007575656615908608
2110.0,0.007595930405784586
2109.0,0.007546364861153827
2108.0,0.007444617832791363
2107.0,0.007308347171472232
2106.0,0.007155210727971469
2105.0,0.007002866353064112
2104.0,0.006868971897525193
2103.0,0.00677118521212975
2102.0,0.0067271641476528195
2101.0,0.006754566554869439
2100.0,0.006783499239328247
2099.0,0.006783499239328247
2098.0,0.006783499239328247
2097.0,0.006749833354749087
2096.0,0.006728347447682908
2095.0,0.006776970234499068
2094.0,0.006878043864422531
2093.0,0.007013910486678264
2092.0,0.007166912250491227
2091.0,0.007319391305086384
2090.0,0.007453689799688704
2089.0,0.007552149883523145
2088.0,0.007597113705814674
2087.0,0.0075709234157882565
2086.0,0.007541021037577289
2085.0,0.007541021037577289
2084.0,0.007541021037577289
2083.0,0.007541021037577289
2082.0,0.007541021037577289
2081.0,0.007541021037577289
2080.0,0.007541021037577289
2079.0,0.007541021037577289
2078.0,0.007541021037577289
2077.0,0.007541021037577289
2076.0,0.007508755196082055
2075.0,0.007485454992337718
2074.0,0.007532732686861427
2073.0,0.00763291258364947
2072.0,0.007768318986698126
2071.0,0.007944124014452096
2070.0,0.008127532912709498
2069.0,0.008230063587746141
2068.0,0.00824035072890281
2067.0,0.008158394336179505
2066.0,0.007984194409576225
2065.0,0.007799311826205921
2064.0,0.007659731434842907
2063.0,0.007551762267372749
2062.0,0.007493080019799167
2061.0,0.007501360388125875
2060.0,0.007536524870723093
2059.0,0.007541021037577289
2058.0,0.007541021037577289
2057.0,0.007541021037577289
2056.0,0.007541021037577289
2055.0,0.007541021037577289
2054.0,0.007541021037577289
2053.0,0.007541021037577289
2052.0,0.007541021037577289
2051.0,0.007541021037577289
2050.0,0.007541021037577289
2049.0,0.007541021037577289
2048.0,0.007541021037577289
2047.0,0.007541021037577289
2046.0,0.007541021037577289
2045.0,0.007541021037577289
2044.0,0.007541021037577289
2043.0,0.007520095879360048
2042.0,0.007489030340842131
2041.0,0.0075172692219129
2040.0,0.007603341194859643
2039.0,0.007729570563678641
2038.0,0.007878281632366176
2037.0,0.008031798704918536
2036.0,0.008172446085332003
2035.0,0.00828254807760286
2034.0,0.008344428985727393
2033.0,0.008340413113701881
2032.0,0.008305718915460631
2031.0,0.008299308396136719
2030.0,0.008299308396136719
2029.0,0.008299308396136719
2028.0,0.008299308396136719
2027.0,0.008241392981296461
2026.0,0.008186328989833583
2025.0,0.0082745002081538
2024.0,0.008470501564031228
2023.0,0.008738927985239973
2022.0,0.009044374399554146
2021.0,0.009351435734747858
2020.0,0.009624706918595223
2019.0,0.009828782878870347
2018.0,0.009928258543347343
2017.0,0.009907899610158186
2016.0,0.009906017919247116
2015.0,0.009897772436567552
2014.0,0.009761605625417894
2013.0,0.00953292255802403
2012.0,0.009247128306611856
2011.0,0.008939627943407252
2010.0,0.008645826540636115
2009.0,0.00840112917052433
2008.0,0.00824094090529779
2007.0,0.008200666817182383
2006.0,0.008264724753332724
2005.0,0.008299308396136719
2004.0,0.008299308396136719
2003.0,0.008299308396136719
2002.0,0.008299308396136719
2001.0,0.00822694668102465
2000.0,0.008144723644285864
1999.0,0.008131073956051105
1998.0,0.008341507971410965
1997.0,0.008878064970681263
1996.0,0.009635954404147239
1995.0,0.010508745316362983
1994.0,0.011390006751882583
1993.0,0.012217701002771511
1992.0,0.0128051397651912
1991.0,0.01301406175969488
1990.0,0.012931336043531408
1989.0,0.012629646414514546
1988.0,0.012414801652636214
1987.0,0.01234542994456054
1986.0,0.012340334275256071
1985.0,0.012398865693004989
1984.0,0.012521024197807287
1983.0,0.012770830495682315
1982.0,0.01289202173354388
1981.0,0.012884829377260461
1980.0,0.012768880885340018
1979.0,0.012562876384119435
1978.0,0.012507402989303867
1977.0,0.01235736777834141
1976.0,0.012091822907002867
1975.0,0.011671748789442493
1974.0,0.011410461605779541
1973.0,0.011325744885463835
1972.0,0.011273552039951847
1971.0,0.011317903775262924
1970.0,0.011458800091397062
1969.0,0.011559085593520167
1968.0,0.0118080409930343
1967.0,0.0121761795555899
1966.0,0.012571524021877315
1965.0,0.012978635488368695
1964.0,0.013692740305977329
1963.0,0.014410395835314305
1962.0,0.01515201177920501
1961.0,0.015557517835826852
1960.0,0.015591328845992642
1959.0,0.015248467343560126
1958.0,0.014765032094330515
1957.0,0.014305865596736186
1956.0,0.013733640129868718
1955.0,0.013282429326370557
1954.0,0.013333757287311091
1953.0,0.013669871483012234
1952.0,0.014278058323833071
1951.0,0.014958826210795138
1950.0,0.015650997162983953
1949.0,0.016397124190945144
1948.0,0.017429729296240978
1947.0,0.01855044994754561
1946.0,0.019737137724864188
1945.0,0.021064421297587795
1944.0,0.022552830232057123
1943.0,0.023517898380893125
1942.0,0.023741368646393975
1941.0,0.023425033982731554
1940.0,0.02241676303012263
1939.0,0.021099239982570513
1938.0,0.019890086506590417
1937.0,0.018686054200908214
1936.0,0.018086051482801808
1935.0,0.018232732424382316
1934.0,0.018999283685535037
1933.0,0.02022728237212388
1932.0,0.021830848014255885
1931.0,0.023555038806225642
1930.0,0.024953006120435856
1929.0,0.02574043254623007
1928.0,0.02565614881761182
1927.0,0.024614692646778888
1926.0,0.023053068393501623
1925.0,0.021186371910460577
1924.0,0.019114815957886337
1923.0,0.017265192433960824
1922.0,0.015812361053402453
1921.0,0.014637784735716617
1920.0,0.013758914849895092
1919.0,0.013240265245740526
1918.0,0.012751376264349886
1917.0,0.012298196532733296
1916.0,0.011860561678915
1915.0,0.011459943218167014
1914.0,0.011073183491812326
1913.0,0.010586549921666258
1912.0,0.010156075120471144
1911.0,0.009634337448526334
1910.0,0.009102215077224605
1909.0,0.008699660744689582
1908.0,0.008293093622841446
1907.0,0.008023681488233122
1906.0,0.007834409281274974
1905.0,0.0078087578118428876
1904.0,0.007982132152162756
1903.0,0.008129090904869147
1902.0,0.008234733613108124
1901.0,0.008241372996804415
1900.0,0.008321249734536577
1899.0,0.008481192710219588
1898.0,0.008680319140873725
1897.0,0.008884397993315286
1896.0,0.009308237319134214
1895.0,0.009863189692334419
1894.0,0.010460607686919799
1893.0,0.011011843876894262
1892.0,0.011428250836261719
1891.0,0.011781678355086884
1890.0,0.012087359797651414
1889.0,0.012181929035641697
1888.0,0.012069992933177632
1887.0,0.011980520834935865
1886.0,0.012131415530421245
1885.0,0.01259712151142922
1884.0,0.013473405621188076
1883.0,0.014431828203309936
1882.0,0.01570442716330794
1881.0,0.017194299396173857
1880.0,0.01878417303254443
1879.0,0.02013850060022369
1878.0,0.021022078901421784
1877.0,0.021325255228788375
1876.0,0.021227713749455777
1875.0,0.020706246315960974
1874.0,0.01982435780740863
1873.0,0.018615655848014986
1872.0,0.017726712104783906
1871.0,0.016921045295556877
1870.0,0.016830345369696055
1869.0,0.0174178400346243
1868.0,0.01863300580676249
1867.0,0.02036400604432345
1866.0,0.02244479869196173
1865.0,0.02439391249663211
1864.0,0.02600182565426368
1863.0,0.027256975438613044
1862.0,0.028064793513032944
1861.0,0.02785033916833274
1860.0,0.027014742513069935
1859.0,0.02575140749247588
1858.0,0.024220975400496298
1857.0,0.022441565163446503
1856.0,0.020609319205381258
1855.0,0.01898359649082539
1854.0,0.017741338106517002
1853.0,0.016992536410218508
1852.0,0.016683528875049706
1851.0,0.016478593327668233
1850.0,0.01625165461321441
1849.0,0.016119674013986056
1848.0,0.01595113875065854
1847.0,0.015691520096810106
1846.0,0.015463840397186747
1845.0,0.015303830204985403
1844.0,0.015229070273198355
1843.0,0.015135969564715789
1842.0,0.015099551934197987
1841.0,0.01507339138553654
1840.0,0.01511039036158015
1839.0,0.015188957431917468
1838.0,0.01531216488312826
1837.0,0.015462156562863141
1836.0,0.015621076318772714
1835.0,0.015771067998507592
1834.0,0.01588999499390437
1833.0,0.015909564790957995
1832.0,0.015945883843098873
1831.0,0.015900237304063584
1830.0,0.015934568374245277
1829.0,0.016164998767140407
1828.0,0.01640366771299613
1827.0,0.016887791375321908
1826.0,0.017523289525284046
1825.0,0.018257032937325474
1824.0,0.019328239478153767
1823.0,0.02081371512568287
1822.0,0.022722921269485934
1821.0,0.02507790584033666
1820.0,0.027231141644881652
1819.0,0.02966822286503976
1818.0,0.032421707339624836
1817.0,0.03556554676134394
1816.0,0.038594723251045036
1815.0,0.04159884692393236
1814.0,0.0447114255562645
1813.0,0.047853811617737496
1812.0,0.05076283342024605
1811.0,0.05298301484193385
1810.0,0.054114715114226275
1809.0,0.05447181282772328
1808.0,0.05386786757469922
1807.0,0.052069806157987
1806.0,0.04900209078142414
1805.0,0.045502534161813046
1804.0,0.041846555891605165
1803.0,0.03816112086649257
1802.0,0.03482658024030112
1801.0,0.031911811894301714
1800.0,0.029758385724608382
1799.0,0.028089879732092114
1798.0,0.02669285126479668
1797.0,0.02577328328728284
1796.0,0.025146574853387556
1795.0,0.025142669070210982
1794.0,0.02567896498988811
1793.0,0.02649582335237776
1792.0,0.027718989897055926
1791.0,0.028884236180095817
1790.0,0.029540441121567933
1789.0,0.02971025441642048
1788.0,0.028993394627156468
1787.0,0.027600142790031656
1786.0,0.025603190428937616
1785.0,0.023511442838496304
1784.0,0.021514870508308817
1783.0,0.019840110205290293
1782.0,0.018644367572391483
1781.0,0.0177805086995245
1780.0,0.017221661874018104
1779.0,0.016982274527522174
1778.0,0.016693784580261446
1777.0,0.016421208295249432
1776.0,0.01623571538520981
1775.0,0.01623540724889943
1774.0,0.016169784141829527
1773.0,0.016163134809907175
1772.0,0.016220437690731112
1771.0,0.016221650097429454
1770.0,0.016428017454386146
1769.0,0.01671795258811008
1768.0,0.01703205231438799
1767.0,0.017338199437185564
1766.0,0.01755589828831924
1765.0,0.017844557180599206
1764.0,0.01815126801969907
1763.0,0.018422297738142256
1762.0,0.018603913268452184
1761.0,0.018620513767278555
1760.0,0.018666251393337874
1759.0,0.018785291365826632
1758.0,0.019067349697516667
1757.0,0.01938218421134602
1756.0,0.019783001380973168
1755.0,0.02027600721997974
1754.0,0.02072758692086331
1753.0,0.02127773886334966
1752.0,0.021793413715782514
1751.0,0.02228866583630309
1750.0,0.0228686596963711
1749.0,0.023616159900027793
1748.0,0.02465788729784232
1747.0,0.02579999849125214
1746.0,0.027063453617152247
1745.0,0.02833250241659398
1744.0,0.029600989257836913
1743.0,0.031115816696897575
1742.0,0.03235250460878636
1741.0,0.03331484262462204
1740.0,0.0340506927146868
1739.0,0.0344065328010456
1738.0,0.034496607623512185
1737.0,0.03419283562714469
1736.0,0.033558814899358864
1735.0,0.03285157361241447
1734.0,0.032182029662264286
1733.0,0.03179365074037541
1732.0,0.03112388807413525
1731.0,0.03037154847371325
1730.0,0.029596226911940204
1729.0,0.02893773477772379
1728.0,0.02822717304929467
1727.0,0.027512282834876858
1726.0,0.026747631933148924
1725.0,0.026109586089425204
1724.0,0.025576401491439932
1723.0,0.02519175385565231
1722.0,0.024799813635569174
1721.0,0.02437237829692341
1720.0,0.02390284855559226
1719.0,0.0235375582954988
1718.0,0.02310771905468507
1717.0,0.02274861524832937
1716.0,0.0223886392401475
1715.0,0.022146991509183346
1714.0,0.022073084879899833
1713.0,0.022006386581739833
1712.0,0.022031822129343837
1711.0,0.021932330685772942
1710.0,0.021849020755579502
1709.0,0.02173537693215376
1708.0,0.021486594237159092
1707.0,0.02115662674846806
1706.0,0.02080444053643755
1705.0,0.020532312673064095
1704.0,0.02026148950762403
1703.0,0.0199079273300536
1702.0,0.019580200369104087
1701.0,0.019335326023864716
1700.0,0.019227202949338724
1699.0,0.019141335797390257
1698.0,0.019020976739138783
1697.0,0.018946879324423217
1696.0,0.01893699132260411
1695.0,0.01895618329888364
1694.0,0.018942081330353334
1693.0,0.018997519879241576
1692.0,0.01909839983737574
1691.0,0.01911734209822094
1690.0,0.019290732012282076
1689.0,0.019447076421452728
1688.0,0.019681662113312764
1687.0,0.02032706246856554
1686.0,0.021273138414517785
1685.0,0.022398155559263413
1684.0,0.023782022568469202
1683.0,0.025330118228910972
1682.0,0.026756343818827157
1681.0,0.0276645523745171
1680.0,0.028005851813035755
1679.0,0.027331594117341373
1678.0,0.026059106517679936
1677.0,0.024525090502783512
1676.0,0.02283808825900649
1675.0,0.021212029736155893
1674.0,0.01993088923277388
1673.0,0.018981391808456934
1672.0,0.01840566931252966
1671.0,0.017949620852788954
1670.0,0.01751116114554495
1669.0,0.01698460723694902
1668.0,0.01655667800136144
1667.0,0.016187763349155847
1666.0,0.01598827149756923
1665.0,0.015899838495723437
1664.0,0.015887242622375005
1663.0,0.01586250700574204
1662.0,0.01591573514838875
1661.0,0.015924630908712347
1660.0,0.015924630908712347
1659.0,0.015924630908712347
1658.0,0.01587111188851758
1657.0,0.015873662820709834
1656.0,0.015941782162217543
1655.0,0.016057595512193157
1654.0,0.016203228469789117
1653.0,0.01636080663415787
1652.0,0.016512455604451852
1651.0,0.016535034666260384
1650.0,0.016623891629866414
1649.0,0.016778739219725378
1648.0,0.016901935753954392
1647.0,0.01717978415246946
1646.0,0.017443433529705545
1645.0,0.017717111733302125
1644.0,0.018282255706337364
1643.0,0.01910771731143177
1642.0,0.020150234907119483
1641.0,0.021286429816431893
1640.0,0.022769012003251834
1639.0,0.024568777265573643
1638.0,0.026490113741919983
1637.0,0.02748891392915906
1636.0,0.029571961471372536
1635.0,0.03388984339758266
1634.0,0.040092436759808524
1633.0,0.050111903720581316
1632.0,0.06443637272544311
1631.0,0.08334567311196665
1630.0,0.10400582714089379
1629.0,0.12254887959413543
1628.0,0.13476764217927853
1627.0,0.13781849038159213
1626.0,0.13314758138685406
1625.0,0.12164168867663878
1624.0,0.10461380758044375
1623.0,0.08686381338978598
1622.0,0.07164584723207644
1621.0,0.061598748867372904
1620.0,0.05582722036409327
1619.0,0.05330777870381259
1618.0,0.05244451968423636
1617.0,0.05242571565754295
1616.0,0.05276260897712085
1615.0,0.053754931594688436
1614.0,0.0548621852838405
1613.0,0.056313481293049236
1612.0,0.0584007593898911
1611.0,0.060543859875193985
1610.0,0.06312982208426975
1609.0,0.06641137260280829
1608.0,0.07026745341379242
1607.0,0.07433755483227134
1606.0,0.07868571816106261
1605.0,0.08371736916775266
1604.0,0.0894936710247188
1603.0,0.09730556927604178
1602.0,0.1072805395649293
1601.0,0.11815488704677951
1600.0,0.12970050458650945
1599.0,0.14072542997779752
1598.0,0.1505527675024071
1597.0,0.1584111506719086
1596.0,0.16363457628859465
1595.0,0.1668899759875604
1594.0,0.17017216052144404
1593.0,0.17468182477491795
1592.0,0.1813484360432492
1591.0,0.18924219920932453
1590.0,0.19764645065420772
1589.0,0.20650000103173932
1588.0,0.2155706546623023
1587.0,0.22456950437811501
1586.0,0.2325180431201788
1585.0,0.23827654084334765
1584.0,0.24488124775649736
1583.0,0.2512377111519986
1582.0,0.2576608362871411
1581.0,0.2634115091594161
1580.0,0.2707070319444018
1579.0,0.2802765960761512
1578.0,0.2927046605043033
1577.0,0.3066849170648133
1576.0,0.31895203284558243
1575.0,0.3262681180060169
1574.0,0.3303387499660216
1573.0,0.3298770612946071
1572.0,0.32569889474170705
1571.0,0.31978023348923723
1570.0,0.315130709089637
1569.0,0.31352404248699955
1568.0,0.31641336416748717
1567.0,0.32333816541650934
1566.0,0.33071213606014377
1565.0,0.3389668723043076
1564.0,0.3492262613341553
1563.0,0.36170165342022587
1562.0,0.37519941987178645
1561.0,0.39025912712151606
1560.0,0.40581921710885027
1559.0,0.42193204901789716
1558.0,0.4381000216602617
1557.0,0.4536035188171856
1556.0,0.4660585400085929
1555.0,0.4779822679437188
1554.0,0.489229397351207
1553.0,0.4991956154525605
1552.0,0.5068860327881411
1551.0,0.5134915529895244
1550.0,0.5180370973018206
1549.0,0.5210686989678504
1548.0,0.5221044428450407
1547.0,0.5209780394774988
1546.0,0.5175331272851067
1545.0,0.5126308986269227
1544.0,0.5049477834034917
1543.0,0.49412713854269297
1542.0,0.48144995538052265
1541.0,0.4680034307443457
1540.0,0.4536717423766319
1539.0,0.4382886504043052
1538.0,0.4220962339475141
1537.0,0.40684599947104944
1536.0,0.3915666005567427
1535.0,0.37714538921931534
1534.0,0.3621624148189752
1533.0,0.346424757852903
1532.0,0.33216530816903006
1531.0,0.3193822512421229
1530.0,0.3074533518577395
1529.0,0.29644783008308045
1528.0,0.28680516404217166
1527.0,0.27933467775152876
1526.0,0.27236845695506273
1525.0,0.2663601992145764
1524.0,0.2604389625417496
1523.0,0.25395253334390994
1522.0,0.2477297087360291
1521.0,0.241463735511388
1520.0,0.23532244562017418
1519.0,0.22948380258235104
1518.0,0.22372702667379257
1517.0,0.218749168213093
1516.0,0.2137085018607964
1515.0,0.20885068359185055
1514.0,0.20397640274095233
1513.0,0.19813100110037346
1512.0,0.19212114440587694
1511.0,0.186111248762463
1510.0,0.17983418738963539
1509.0,0.17346245012462225
1508.0,0.16775763308568672
1507.0,0.1617919349989952
1506.0,0.15624515941585918
1505.0,0.1512079488694743
1504.0,0.14584186858452444
1503.0,0.14019503250162282
1502.0,0.11934953313779573
1501.0,0.12024881680781149
1500.0,0.15041760324101489
1499.0,0.2118902481103724
1498.0,0.2757594553131254
1497.0,0.328610635397767
1496.0,0.3606903515838984
1495.0,0.3657297059637646
1494.0,0.34143795864711307
1493.0,0.28711456923386797
1492.0,0.2068782324027856
1491.0,0.14858435091375413
1490.0,0.1135368411578143
1489.0,0.10134139575913528
1488.0,0.09045851750171353
1487.0,0.08317906077638065
1486.0,0.07675721966680565
1485.0,0.07085079362581953
1484.0,0.06579849317828543
1483.0,0.06089651347556987
1482.0,0.05713997472047808
1481.0,0.05412028393355125
1480.0,0.051747377361648014
1479.0,0.04977537119818035
1478.0,0.04789005201397285
1477.0,0.04637081928907605
1476.0,0.04511119769141168
1475.0,0.043826248888219226
1474.0,0.042641793205387336
1473.0,0.04175518166057847
1472.0,0.04088822567939624
1471.0,0.040004234566809654
1470.0,0.0391723348671743
1469.0,0.038193611874863906
1468.0,0.03710474063551362
1467.0,0.0360193887416319
1466.0,0.03482119828313654
1465.0,0.03351250752330818
1464.0,0.032254392781035986
1463.0,0.031243779167431363
1462.0,0.030412838132476507
1461.0,0.029825896408058453
1460.0,0.029317100439990442
1459.0,0.02921290809135975
1458.0,0.029412106303787416
1457.0,0.030416639167348596
1456.0,0.027486233267808885
1455.0,0.035207348570273266
1454.0,0.05052141059899603
1453.0,0.06903781265017624
1452.0,0.087325440217314
1451.0,0.10092252070579323
1450.0,0.10687963687670449
1449.0,0.10526957086420058
1448.0,0.09600663695820397
1447.0,0.080020849742768
1446.0,0.05889132974964274
1445.0,0.0482982623303786
1444.0,0.04149073975842401
1443.0,0.03745867884702189
1442.0,0.03537234023195203
1441.0,0.03337081844503472
1440.0,0.031169798490536943
1439.0,0.029677914635714273
1438.0,0.028719046041716777
1437.0,0.02792067152693382
1436.0,0.027295993942985698
1435.0,0.027221919837970735
1434.0,0.027436898134774942
1433.0,0.02807434622040817
1432.0,0.02894962383902828
1431.0,0.030030196222589744
1430.0,0.03129597680307131
1429.0,0.03292370792969678
1428.0,0.034735930254741774
1427.0,0.03664998679202728
1426.0,0.03852831561806077
1425.0,0.04091217630208502
1424.0,0.043384876196805686
1423.0,0.046041961551067066
1422.0,0.04879131504546327
1421.0,0.05154002351221472
1420.0,0.054094530225861706
1419.0,0.05656496430065657
1418.0,0.05876452774971425
1417.0,0.06069728431570078
1416.0,0.06238229074012379
1415.0,0.0634532771006108
1414.0,0.06309160495613267
1413.0,0.061282382317768495
1412.0,0.05850489035641378
1411.0,0.054602899804787317
1410.0,0.04946621843030877
1409.0,0.04393414924068563
1408.0,0.0384989279473231
1407.0,0.03411292276607591
1406.0,0.030531215502134335
1405.0,0.02720120453965395
1404.0,0.024097403037388974
1403.0,0.021500605824261127
1402.0,0.019597731622706914
1401.0,0.01782541809221154
1400.0,0.01608576346063498
1399.0,0.014776637577008126
1398.0,0.013768261471285027
1397.0,0.01323027873627361
1396.0,0.012460183281515283
1395.0,0.011461482544623104
1394.0,0.010508031907259845
1393.0,0.009095254020680751
1392.0,0.00730370069116426
1391.0,0.005348911161023708
1390.0,0.0034402961135837095
1389.0,0.00188850616583885
1388.0,0.0003523519516657892
1387.0,-0.00047492868584620145
1386.0,-0.00048562417096069166
1385.0,0.0003747686732225518
1384.0,0.0018341118735649524
1383.0,0.0031583407300185213
1382.0,0.0045043425921435995
1381.0,0.005720462802391394
1380.0,0.006648577835369639
1379.0,0.00713056416568607
1378.0,0.00703760789132118
1377.0,0.0070323113979444294
1376.0,0.006842884602617713
1375.0,0.006667376534637472
1374.0,0.006411854254352799
1373.0,0.006111580071504658
1372.0,0.005801816295834022
1371.0,0.005490422429847886
1370.0,0.0051747755917301436
1369.0,0.005106494592948853
1368.0,0.005245022965088874
1367.0,0.005584512753072581
1366.0,0.005939844065891476
1365.0,0.0063557314347242825
1364.0,0.006779254699054996
1363.0,0.007135759685176115
1362.0,0.007379329269830612
1361.0,0.007545277674565199
1360.0,0.007632277250034916
1359.0,0.007801560034852454
1358.0,0.007918250974405539
1357.0,0.008049534261520363
1356.0,0.00818895426912179
1355.0,0.00829582350683112
1354.0,0.00835246627864463
1353.0,0.008341206888558602
1352.0,0.008185949629835657
1351.0,0.008200189827698783
1350.0,0.008331362685274143
1349.0,0.00847584148858544
1348.0,0.00868690876239427
1347.0,0.009090487171084708
1346.0,0.009634025936252925
1345.0,0.010324472372538404
1344.0,0.010936806189703618
1343.0,0.01210621427537947
1342.0,0.013589430106997617
1341.0,0.015590358166240244
1340.0,0.01791560230685805
1339.0,0.020207120948723272
1338.0,0.02199388076963511
1337.0,0.0230862704270127
1336.0,0.023369081082360705
1335.0,0.022721816816238798
1334.0,0.02131455104793921
1333.0,0.01997427015333904
1332.0,0.018310612979235082
1331.0,0.016544906222566852
1330.0,0.015068884532299825
1329.0,0.013611579377248386
1328.0,0.012064155158589232
1327.0,0.010600517451976156
1326.0,0.00940280982441228
1325.0,0.008544789934268077
1324.0,0.008350081286745407
1323.0,0.008692540710835193
1322.0,0.009111021761333809
1321.0,0.009742232702851525
1320.0,0.011029940154174224
1319.0,0.0124629661062122
1318.0,0.014059671233790122
1317.0,0.01573612858320862
1316.0,0.017328116757309876
1315.0,0.018654065841505772
1314.0,0.019298840574930327
1313.0,0.018904196485912843
1312.0,0.01757964757787919
1311.0,0.01563122181350923
1310.0,0.01358273051152835
1309.0,0.011500568696045028
1308.0,0.00978408522161881
1307.0,0.008694830735197202
1306.0,0.008204077160284944
1305.0,0.008127963447048287
1304.0,0.008137810839207553
1303.0,0.008080204362250732
1302.0,0.008196839425964013
1301.0,0.008313299911257429
1300.0,0.008336118119837713
1299.0,0.008520290125529153
1298.0,0.009023241970781243
1297.0,0.009823164184658433
1296.0,0.011011087274507302
1295.0,0.01240317821935354
1294.0,0.014065048058825285
1293.0,0.01589585144329028
1292.0,0.01789448477046676
1291.0,0.019673352843459575
1290.0,0.02071705662799892
1289.0,0.021265088620776328
1288.0,0.021215466903028033
1287.0,0.020655921285548707
1286.0,0.019923040972532724
1285.0,0.018835047444145363
1284.0,0.017434997458663774
1283.0,0.015968478395847155
1282.0,0.014614431664727938
1281.0,0.013303802769701672
1280.0,0.011911623469088091
1279.0,0.010539415379890922
1278.0,0.009355840819497207
1277.0,0.008385083556205526
1276.0,0.007687767852746622
1275.0,0.006958689810856767
1274.0,0.006156025362064485
1273.0,0.005346716805636694
1272.0,0.004615232379327033
1271.0,0.003934343412098157
1270.0,0.003322842888910836
1269.0,0.002851192928751629
1268.0,0.002590930662426355
1267.0,0.0022935814833232675
1266.0,0.0020554650664022112
1265.0,0.0018976844446271478
1264.0,0.0018504931440631936
1263.0,0.0017685316348132385
1262.0,0.0016972247577426716
1261.0,0.0015190672561134785
1260.0,0.0012866082922614816
1259.0,0.0010523970285225034
1258.0,0.0007782862257879656
1257.0,0.00047387588768511244
1256.0,0.00020142351510386665
1255.0,-4.055665631874652e-06
1254.0,-0.00010754642819821464
1253.0,-7.403354627125642e-05
1252.0,0.0
1251.0,0.0
1250.0,0.0
1249.0,0.0
1248.0,0.0
1247.0,0.0
1246.0,0.0
1245.0,0.0
1244.0,0.0
1243.0,0.0
1242.0,0.0
1241.0,0.0
1240.0,0.0
1239.0,0.0
1238.0,0.0
1237.0,0.0
1236.0,0.0
1235.0,0.0
1234.0,0.0
1233.0,0.0
1232.0,0.0
1231.0,0.0
1230.0,0.0
1229.0,0.0
1228.0,0.0
1227.0,0.0
1226.0,0.0
1225.0,0.0
1224.0,0.0
1223.0,0.0
1222.0,0.0
1221.0,0.0
1220.0,0.0
1219.0,0.0
1218.0,0.0
1217.0,0.0
1216.0,0.0
1215.0,0.0
1214.0,0.0
1213.0,0.0
1212.0,-7.424190109931232e-05
1211.0,-0.0003382512994087832
1210.0,-0.0005945002331993107
1209.0,-0.00037452413865358064
1208.0,0.0006602493560984036
1207.0,0.0025894475450453334
1206.0,0.005372237197681733
1205.0,0.008994011522283659
1204.0,0.013160885685138067
1203.0,0.016903890278719136
1202.0,0.019517212085356218
1201.0,0.020575608789185303
1200.0,0.0201477821908771
1199.0,0.018560687157199583
1198.0,0.016116351456427563
1197.0,0.01321260980722582
1196.0,0.010365734097765006
1195.0,0.008171422648896419
1194.0,0.0066157091187094485
1193.0,0.005341445120431072
1192.0,0.00455063896279063
1191.0,0.004185539297969953
1190.0,0.0040982436745912445
1189.0,0.004134996957217371
1188.0,0.004146879608765901
1187.0,0.004265916674337835
1186.0,0.004412176894808837
1185.0,0.004507571053705208
1184.0,0.004722648469390867
1183.0,0.005128936945357168
1182.0,0.00575683257338284
1181.0,0.006462531942896665
1180.0,0.007221467172359472
1179.0,0.007802264736988606
1178.0,0.008134399945635234
1177.0,0.008302108518083329
1176.0,0.00819608932074347
1175.0,0.007930994905422397
1174.0,0.007743961572038208
1173.0,0.007556956649621596
1172.0,0.00736638150501406
1171.0,0.007207569684994352
1170.0,0.007115854736341224
1169.0,0.006965721372199609
1168.0,0.006838459948957923
1167.0,0.006751728317391201
1166.0,0.006723184328274481
1165.0,0.006770485832382796
1164.0,0.006783499239328247
1163.0,0.006752743632833101
1162.0,0.006727619878161903
1161.0,0.006724718914063307
1160.0,0.006705535576566587
1159.0,0.0068564942875059985
1158.0,0.007256809821557938
1157.0,0.00776802284064186
1156.0,0.00852876577266024
1155.0,0.009531884042770554
1154.0,0.01056100533245417
1153.0,0.011229575930539968
1152.0,0.01138092465485779
1151.0,0.011119491308299397
1150.0,0.010453443530817876
1149.0,0.009464599377100156
1148.0,0.008354535452237317
1147.0,0.007172650534303331
1146.0,0.006406830675222732
1145.0,0.005842745371474349
1144.0,0.00523293017506619
1143.0,0.004539541312977456
1142.0,0.003643061468008835
1141.0,0.0027871003344627195
1140.0,0.001944923947382257
1139.0,0.001086434161926874
1138.0,0.00043955691812421095
1137.0,3.191532303376896e-05
1136.0,-5.1381639691010925e-05
1135.0,-9.94993520552122e-05
1134.0,-0.0001062218508432661
1133.0,0.0
1132.0,0.0
1131.0,0.0
1130.0,0.0
1129.0,0.0
1128.0,0.0
1127.0,0.0
1126.0,0.0
1125.0,0.0
1124.0,0.0
1123.0,0.0
1122.0,0.0
1121.0,0.0
1120.0,0.0
1119.0,0.0
1118.0,-0.0001028392842627152
1117.0,-0.0001607239483864393
1116.0,-1.6876083502612064e-05
1115.0,0.00028308938586051773
1114.0,0.0006866232973671278
1113.0,0.001075508131270965
1112.0,0.0014841823886222953
1111.0,0.0019278782272949986
1110.0,0.0023607223052918127
1109.0,0.0026493753740060686
1108.0,0.0030948116234356528
1107.0,0.0037636778787257883
1106.0,0.00475663530242653
1105.0,0.00581468060667705
1104.0,0.006782067316623163
1103.0,0.007436790130553435
1102.0,0.007931793067956959
1101.0,0.007955658628854275
1100.0,0.007499428971814518
1099.0,0.00695503112686469
1098.0,0.006629889340300327
1097.0,0.006254702716809452
1096.0,0.005881427239634532
1095.0,0.005632300727107279
1094.0,0.005580121036134685
1093.0,0.005696095642216251
1092.0,0.006133570613554483
1091.0,0.006634182329447833
1090.0,0.007272153343324759
1089.0,0.008368480791540713
1088.0,0.009247636632821212
1087.0,0.010542413872875087
1086.0,0.012205832416646167
1085.0,0.015460503249244941
1084.0,0.021227186505635313
1083.0,0.029340648212204785
1082.0,0.03880991068858196
1081.0,0.048014654081690616
1080.0,0.05499752442277817
1079.0,0.05834781917023472
1078.0,0.05763451155175037
1077.0,0.053253530820971146
1076.0,0.04553614686811896
1075.0,0.03702288018829039
1074.0,0.029302947819757796
1073.0,0.022984288513827025
1072.0,0.018257238200510905
1071.0,0.01497725365322752
1070.0,0.012495670173470716
1069.0,0.010717670245615195
1068.0,0.00977971869405053
1067.0,0.009069085368755262
1066.0,0.008396962518883328
1065.0,0.008036274501580398
1064.0,0.007687991668386979
1063.0,0.007402635388524194
1062.0,0.007168909521036624
1061.0,0.006920409005521132
1060.0,0.006560477752942501
1059.0,0.0062503916830721935
1058.0,0.005946433828916561
1057.0,0.005705324843592979
1056.0,0.005438976526561698
1055.0,0.0052445888678458496
1054.0,0.005157925894881163
1053.0,0.0050921210961469825
1052.0,0.00517433404168856
1051.0,0.00532480647445979
1050.0,0.00554034934818686
1049.0,0.0058015067446745335
1048.0,0.006111953825075311
1047.0,0.006492792577159863
1046.0,0.006927211247231133
1045.0,0.0073446139787693996
1044.0,0.007645284717290189
1043.0,0.007725809989646015
1042.0,0.008004935837691147
1041.0,0.00834257269941914
1040.0,0.008623343538542664
1039.0,0.008961792401576987
1038.0,0.00951259393313928
1037.0,0.010189482554699335
1036.0,0.010809832071207571
1035.0,0.01155298077701534
1034.0,0.012385270189618663
1033.0,0.013266851770474378
1032.0,0.014229650187090494
1031.0,0.015089937273959539
1030.0,0.01562554248165354
1029.0,0.016166709041207112
1028.0,0.01670009795218028
1027.0,0.017074574335013613
1026.0,0.017017621594371375
1025.0,0.01733275880387501
1024.0,0.017790106261723726
1023.0,0.01912996366317426
1022.0,0.022164226325401833
1021.0,0.029443032219599055
1020.0,0.04177338321063111
1019.0,0.05676647951805896
1018.0,0.07143828210833572
1017.0,0.08295609673309762
1016.0,0.08852877019325794
1015.0,0.08810277205029837
1014.0,0.08078163119119862
1013.0,0.06870006916802836
1012.0,0.054960445193351276
1011.0,0.04371874999238662
1010.0,0.036188142845214134
1009.0,0.031120621203336224
1008.0,0.02810825470239442
1007.0,0.02640386337525712
1006.0,0.02519134212677207
1005.0,0.02470754108159825
1004.0,0.024162490425446482
1003.0,0.02390879373796185
1002.0,0.024134266005610867
1001.0,0.0248329291020892
1000.0,0.026165404860290637
999.0,0.028809526835316936
998.0,0.03256980538867302
997.0,0.03700374503064493
996.0,0.042160866730684934
995.0,0.04574806217798265
994.0,0.0488609452609523
993.0,0.054088828258969976
992.0,0.060578025393370136
991.0,0.06827380685941356
990.0,0.08521098855588854
989.0,0.12213320763177601
988.0,0.17774798707745382
987.0,0.2395657295680296
986.0,0.29595234131493486
985.0,0.3362344518217324
984.0,0.3544366129748649
983.0,0.34501138949028126
982.0,0.30808195653025544
981.0,0.25066306944406863
980.0,0.19078387118382661
979.0,0.14331348230945454
978.0,0.1110304596877074
977.0,0.09132835851026834
976.0,0.08430879319380268
975.0,0.08630012456821003
974.0,0.09201211067766818
973.0,0.09324608716772348
972.0,0.09156916624962522
971.0,0.08555106825701123
970.0,0.07585246386060046
969.0,0.06342642585248486
968.0,0.05075555276858711
967.0,0.0408000958389117
966.0,0.03463603131065327
965.0,0.030845360648575057
964.0,0.028783438159211718
963.0,0.02571079478163651
962.0,0.023748559479713206
961.0,0.02213303663701289
960.0,0.02060759346201621
959.0,0.019538873138589707
958.0,0.018697202152140414
957.0,0.018199656176882417
956.0,0.017790242019580123
955.0,0.01743460652936095
954.0,0.01707607798614606
953.0,0.016724516796022257
952.0,0.016205567322025383
951.0,0.015612529768179527
950.0,0.015076730704246531
949.0,0.01472784947779796
948.0,0.014307406077919539
947.0,0.013908211081880716
946.0,0.013525735683115313
945.0,0.01327443141467233
944.0,0.013084256647427323
943.0,0.013019409541573476
942.0,0.012920480012924012
941.0,0.012915835810213811
940.0,0.012894766658019844
939.0,0.01308871320273208
938.0,0.01340084758717688
937.0,0.013723435344505857
936.0,0.014122795845806627
935.0,0.014552207155690604
934.0,0.014924869083223009
933.0,0.015367277030829038
932.0,0.015885808205150457
931.0,0.016462799128533014
930.0,0.01688515098586372
929.0,0.017354591564279435
928.0,0.01800486766624248
927.0,0.018889204756085444
926.0,0.01994416835514684
925.0,0.02097039534342186
924.0,0.02197492296851327
923.0,0.02300442125758856
922.0,0.024246398813418796
921.0,0.025729621102564378
920.0,0.027205255926190282
919.0,0.028977303010188485
918.0,0.031179815206005643
917.0,0.033922871165014475
916.0,0.03736715447120308
915.0,0.04033505445413279
914.0,0.04432924277567253
913.0,0.04972061411011551
912.0,0.05666159435930209
911.0,0.06539568642353275
910.0,0.07894896143646875
909.0,0.09065148155611673
908.0,0.11085234421307309
907.0,0.15212879576630145
906.0,0.23765581340834285
905.0,0.3569156872118257
904.0,0.4892959453832821
903.0,0.6141119919695042
902.0,0.7044795709565701
901.0,0.748763217939708
900.0,0.7285596153246141
899.0,0.64706922809404
898.0,0.5300920624736013
897.0,0.4074385040367182
896.0,0.30967291368066574
895.0,0.23583070133145703
894.0,0.18323554383451524
893.0,0.149595458747062
892.0,0.12644498038254334
891.0,0.113035861915859
890.0,0.09730563244153581
889.0,0.08642520920463176
888.0,0.07798673616385479
887.0,0.07218251015009937
886.0,0.06775406642528299
885.0,0.06574070864927457
884.0,0.06482821941288316
883.0,0.06441862722528412
882.0,0.0656925083806709
881.0,0.06802182096812512
880.0,0.07080377778515881
879.0,0.07368427616858683
878.0,0.07654634152501805
877.0,0.07939754924214724
876.0,0.0822407813133439
875.0,0.08514943942560778
874.0,0.08811001545044213
873.0,0.0910729032909193
872.0,0.09420261638990356
871.0,0.09716552374447276
870.0,0.10006004647608367
869.0,0.10279618484169145
868.0,0.10534771374411744
867.0,0.10814023851113459
866.0,0.11078409381911336
865.0,0.11360191966956924
864.0,0.11642058706709885
863.0,0.11937760127954737
862.0,0.12257604919295953
861.0,0.12604778664142502
860.0,0.12979090214585415
859.0,0.13323575761244827
858.0,0.13684861033089865
857.0,0.14062809005859853
856.0,0.1441405322470357
855.0,0.14751074374008746
854.0,0.15072544046183994
853.0,0.15394608765061737
852.0,0.15672168097683065
851.0,0.15884403193695013
850.0,0.1601569149306124
849.0,0.1600932880552572
848.0,0.15914535135454927
847.0,0.15732722739624422
846.0,0.15434666807690622
845.0,0.14974026845574595
844.0,0.1439981200148622
843.0,0.1368224037207711
842.0,0.1280126485973662
841.0,0.11837802099102396
840.0,0.10868737723972367
839.0,0.09922753397646371
838.0,0.09036422574330341
837.0,0.08264061309577665
836.0,0.07549479884445699
835.0,0.06931450730948575
834.0,0.06410941244178976
833.0,0.05881676701945195
832.0,0.0538947781258476
831.0,0.04935829651825638
830.0,0.04570482553183998
829.0,0.042372515997940466
828.0,0.03903750045279302
827.0,0.035828937754931275
826.0,0.03255886667953863
825.0,0.030163256170703326
824.0,0.028036743979122793
823.0,0.02573769279511962
822.0,0.023841088795495333
821.0,0.022042712047136075
820.0,0.020821274972220617
819.0,0.019675522220822132
818.0,0.018498869188657757
817.0,0.017409502095698037
816.0,0.01662897368663265
815.0,0.016259326358363926
814.0,0.015999710218356694
813.0,0.015648265802803006
812.0,0.01544435761023335
811.0,0.015385737514340503
810.0,0.01539563894974287
809.0,0.015420057225672636
808.0,0.015411834401738303
807.0,0.015537786569013782
806.0,0.0159002697334844
805.0,0.016318617927998463
804.0,0.016774655015247837
803.0,0.017196846745382893
802.0,0.017632729818758814
801.0,0.0179929753038076
800.0,0.018194250174875654
799.0,0.01831277120835988
798.0,0.018269437939776843
797.0,0.018443048058689893
796.0,0.018866794818161968
795.0,0.019323211060582397
794.0,0.019795215157416154
793.0,0.020439612916155533
792.0,0.021199956401092162
791.0,0.022075224325082268
790.0,0.022975552254466958
789.0,0.02378450199185981
788.0,0.024572887063114536
787.0,0.02575579416011618
786.0,0.027034732564964182
785.0,0.028466653272601627
784.0,0.030087232646528357
783.0,0.032494100414934717
782.0,0.03492754935841473
781.0,0.038047539127473086
780.0,0.04161593066971053
779.0,0.04491075062431098
778.0,0.05042153709803719
777.0,0.058375747461684946
776.0,0.057028792313812554
775.0,0.04941989454932552
774.0,0.1147460243808438
773.0,0.2394880920807184
772.0,0.40496141588539736
771.0,0.5780465183944294
770.0,0.7246372455757585
769.0,0.8093458876430348
768.0,0.821415897691954
767.0,0.7571002134032244
766.0,0.61473188163887
765.0,0.43882635069206066
764.0,0.3132828662186093
763.0,0.21744064126345353
762.0,0.15714787295111743
761.0,0.12128796023925392
760.0,0.09855590452512691
759.0,0.07750909209918637
758.0,0.06286903543762612
757.0,0.05434560620269286
756.0,0.04655965697833282
755.0,0.04078020459114564
754.0,0.03510842229807121
753.0,0.03011599440018047
752.0,0.02619481265955658
751.0,0.023339928467712212
750.0,0.0207936626018314
749.0,0.01886385223066164
748.0,0.01736348521033081
747.0,0.01626705765250348
746.0,0.015912314082899608
745.0,0.015805935595951257
744.0,0.015392552906493934
743.0,0.015115468856612543
742.0,0.014673865072953905
741.0,0.014163508400309211
740.0,0.013791340813554532
739.0,0.013663351128412127
738.0,0.013797395497231383
737.0,0.014068497128169688
736.0,0.014509260795360399
735.0,0.014811210269479848
734.0,0.01506452263576919
733.0,0.015233540186246515
732.0,0.015282605212929902
731.0,0.015158632291035038
730.0,0.015098676753666303
729.0,0.015131690904338654
728.0,0.015222360555788754
727.0,0.015352829555667219
726.0,0.015505241751624656
725.0,0.01565431647790099
724.0,0.01574197940768034
723.0,0.015876389515468197
722.0,0.015952534083305513
721.0,0.0159433580409933
720.0,0.0160216112390046
719.0,0.01644363298804382
718.0,0.017220594973720128
717.0,0.018128119887201827
716.0,0.019182429720266393
715.0,0.020198414897538264
714.0,0.02135431586093934
713.0,0.022703923348540992
712.0,0.02389569975822488
711.0,0.025358896847234146
710.0,0.02713573607770793
709.0,0.029294376179930744
708.0,0.031728270307371575
707.0,0.03415560017080924
706.0,0.036735436622820916
705.0,0.03955628139782631
704.0,0.04256040701100639
703.0,0.04655632198178635
702.0,0.050900606326835615
701.0,0.05639618032328435
700.0,0.06473340508619768
699.0,0.07629143474773363
698.0,0.08717778562255996
697.0,0.10917124016125485
696.0,0.11516555403750402
695.0,0.1787856087302087
694.0,0.302096658097911
693.0,0.47528516769279755
692.0,0.6620002325666092
691.0,0.837766248666466
690.0,0.9633507540084336
689.0,1.0
688.0,0.9443550662104541
687.0,0.8120825721007409
686.0,0.6125451350816763
685.0,0.44435516353228627
684.0,0.30757524257930374
683.0,0.21300640947004953
682.0,0.15310281822543423
681.0,0.1270094485607534
680.0,0.11161371093804283
679.0,0.09363222032934829
678.0,0.08263711877982145
677.0,0.07621080187180197
676.0,0.07226219466623203
675.0,0.07030268859395183
674.0,0.06889640229380284
673.0,0.0677847110772622
672.0,0.06724131772693089
671.0,0.0669673645093499
670.0,0.06659483493129521
669.0,0.06630043474537044
668.0,0.06636387897350315
667.0,0.06654061803448505
666.0,0.06707763115808547
665.0,0.06764600716973948
664.0,0.06869865426240612
663.0,0.07043642885397837
662.0,0.07253300876117906
661.0,0.07502379292903896
660.0,0.07747382075468745
659.0,0.0797795969537346
658.0,0.08237186600211137
657.0,0.08501024734165905
656.0,0.08747518320405252
655.0,0.08923602483121165
654.0,0.09057514923132344
653.0,0.09116370175194725
652.0,0.09087177336059798
651.0,0.08976522240615353
650.0,0.08784665470723022
649.0,0.08546085015562006
648.0,0.08318169489348208
647.0,0.08119717260248456
646.0,0.07958379410640408
645.0,0.07788859215470349
644.0,0.07608622399181257
643.0,0.07387729780673669
642.0,0.07153382666580403
641.0,0.06918670422754533
640.0,0.06696088052614793
639.0,0.06487796438642786
638.0,0.06311976735806649
637.0,0.06175502882361183
636.0,0.060820856591108766
635.0,0.06005255674234025
634.0,0.05904559043758617
633.0,0.05766780826668811
632.0,0.056257251446201
631.0,0.05494273564236864
630.0,0.05372145865634784
629.0,0.05278742035084697
628.0,0.051987385764811274
627.0,0.05125183678918496
626.0,0.05073778720389817
625.0,0.050309089304932914
624.0,0.049640222399675346
623.0,0.048960399785416435
622.0,0.04824043112630535
621.0,0.04747248083727411
620.0,0.04685048956531031
619.0,0.04648967226475028
618.0,0.04609349031211209
617.0,0.045759850169529534
616.0,0.045478807577829516
615.0,0.04520164454940419
614.0,0.04505761561313065
613.0,0.044991699515703254
612.0,0.04486351927213002
611.0,0.044802676575226574
610.0,0.044893378704273575
609.0,0.0449357471481441
608.0,0.044788194475277085
607.0,0.04447848816120597
606.0,0.044062240652489586
605.0,0.04359506439568679
604.0,0.04313257183735644
603.0,0.04271156525001528
602.0,0.04238212591629073
601.0,0.04230231285933052
600.0,0.04245640168196864
599.0,0.0426118362292646
598.0,0.04280747091159975
597.0,0.04296966717719329
596.0,0.043135188291889656
595.0,0.043294301984491385
594.0,0.04328694299257927
593.0,0.04316529841428376
592.0,0.043034470784529835
591.0,0.042983321554209294
590.0,0.04296399666779593
589.0,0.04297649612528977
588.0,0.043020819926690795
587.0,0.04309696807199902
586.0,0.043114900150955635
585.0,0.04313418796482322
584.0,0.043227317530400614
583.0,0.04349267469561908
582.0,0.04390573119740174
581.0,0.04438072099356544
580.0,0.044861972632203415
579.0,0.04520549910630895
578.0,0.04550868774635126
577.0,0.04573094109959017
576.0,0.04591192408079978
575.0,0.04612838096847763
574.0,0.04653998078518624
573.0,0.047026150690567155
572.0,0.047635938481505394
571.0,0.04827821441100869
570.0,0.04886252711867113
569.0,0.04952507812139157
568.0,0.050019387406540175
567.0,0.050849413855808503
566.0,0.052003827204065836
565.0,0.05322514049872567
564.0,0.05522616694670768
563.0,0.05764713639414018
562.0,0.060581252149796073
561.0,0.06392276555398599
560.0,0.06731661667646431
559.0,0.07038766714116695
558.0,0.07263918068183248
557.0,0.07408423677493893
556.0,0.07413037249716406
555.0,0.0728720230700846
554.0,0.07125558936702724
553.0,0.0686966844503387
552.0,0.0655830662947675
551.0,0.06254086866161046
550.0,0.059559106043755694
549.0,0.05680694716515582
548.0,0.05459686397083228
547.0,0.05278012392200403
546.0,0.05148116850763102
545.0,0.0506412223351027
544.0,0.05031507107921654
543.0,0.049918253622316534
542.0,0.04945593210496172
541.0,0.04919274720812041
540.0,0.0487643286114312
539.0,0.048277694514807554
538.0,0.04786155459204419
537.0,0.047590573202879
536.0,0.047484321900825625
535.0,0.04734821325214826
534.0,0.04725700431704132
533.0,0.04717500490735332
532.0,0.04715823230082623
531.0,0.047225322726934596
530.0,0.047225322726934596
529.0,0.047225322726934596
528.0,0.047225322726934596
527.0,0.047225322726934596
526.0,0.047225322726934596
525.0,0.047225322726934596
524.0,0.047225322726934596
523.0,0.047225322726934596
522.0,0.047179715952524535
521.0,0.04716963399442875
520.0,0.047230746520521165
519.0,0.047277255312084154
518.0,0.047441638615440165
517.0,0.04768660409299153
516.0,0.04790435430269389
515.0,0.04810740929990281
514.0,0.04846115852209993
513.0,0.04886549845905476
512.0,0.04923189658816355
511.0,0.0498458892995898
510.0,0.050468940384129475
509.0,0.05111143766556699
508.0,0.05199916294628909
507.0,0.05335922549285362
506.0,0.05509448480058147
505.0,0.056975352549559745
504.0,0.059011780147837714
503.0,0.060801105544198555
502.0,0.06241504184282671
501.0,0.06377420582052828
500.0,0.0645533733244628
499.0,0.06492288294136478
498.0,0.06527011236441656
497.0,0.06597118827870499
496.0,0.0667129023922386
495.0,0.06751710985181056
494.0,0.06851621003051432
493.0,0.06968589955897986
492.0,0.07119968395453051
491.0,0.07281005605386799
490.0,0.07446853494869754
489.0,0.07593466475624007
488.0,0.07744908805209116
487.0,0.07875350687641335
486.0,0.07978443990438983
485.0,0.08066708821735578
484.0,0.08162264272259953
483.0,0.08279440063402142
482.0,0.08400914030803795
481.0,0.08523198746155099
480.0,0.0863974882796588
479.0,0.0875793491978566
478.0,0.08892370088055916
477.0,0.09022345933858632
476.0,0.0917552778951122
475.0,0.09313312883603692
474.0,0.09476812523778479
473.0,0.09651490313243187
472.0,0.09822018289542278
471.0,0.09958665476796878
470.0,0.10101161546709085
469.0,0.10244861935790436
468.0,0.10394051121014396
467.0,0.10548327401730623
466.0,0.10699416653044887
465.0,0.10807037018814045
464.0,0.10916992278968371
463.0,0.11021025590335945
462.0,0.12064093263774915
461.0,0.11883861613452737
460.0,0.10783612865254631
459.0,0.08999535792033521
458.0,0.06818418542464612
457.0,0.04496551447520749
456.0,0.02285345379743611
455.0,0.004528272484460031
454.0,-0.007122349924829858
453.0,-0.009496466566439822
452.0,0.0
451.0,0.0
450.0,0.0
449.0,0.0
448.0,0.0
447.0,0.0
446.0,0.0
445.0,0.0
444.0,0.0
443.0,0.0
442.0,0.0
441.0,0.0
440.0,0.0
439.0,0.0
438.0,0.0
437.0,0.0
436.0,0.0
435.0,0.0
434.0,0.0
433.0,0.0
432.0,0.0
431.0,0.0
430.0,0.0
429.0,0.0
428.0,0.0
427.0,0.0
426.0,0.0
425.0,0.0
424.0,0.0
423.0,0.0
422.0,0.0
421.0,0.0
420.0,0.0
419.0,0.0
418.0,0.0
417.0,0.0
416.0,0.0
415.0,0.0
414.0,0.0
413.0,0.0
412.0,0.0
411.0,0.0
410.0,0.0
409.0,0.0
408.0,0.0
407.0,0.0
406.0,0.0
405.0,0.0
404.0,0.0
403.0,0.0
402.0,0.0
401.0,0.0
400.0,0.0
399.0,0.0
398.0,0.0
397.0,0.0
396.0,0.0
395.0,0.0
394.0,0.0
393.0,0.0
392.0,0.0
391.0,0.0
390.0,0.0
389.0,0.0
388.0,0.0
387.0,0.0
386.0,0.0
385.0,0.0
384.0,0.0
383.0,0.0
382.0,0.0
381.0,0.0
380.0,0.0
379.0,0.0
378.0,0.0
377.0,0.0
376.0,0.0
375.0,0.0
374.0,0.0
373.0,0.0
372.0,0.0
371.0,0.0
370.0,0.0
369.0,0.0
368.0,0.0
367.0,0.0
366.0,0.0
365.0,0.0
364.0,0.0
363.0,0.0
362.0,0.0
361.0,0.0
360.0,0.0
359.0,0.0
358.0,0.0
357.0,0.0
356.0,0.0
355.0,0.0
354.0,0.0
353.0,0.0
352.0,0.0
351.0,0.0
350.0,0.0
349.0,0.0
348.0,0.0
347.0,0.0
346.0,0.0
345.0,0.0
344.0,0.0
343.0,0.0
342.0,0.0
341.0,0.0
340.0,0.0
339.0,0.0
338.0,0.0
337.0,0.0
336.0,0.0
335.0,0.0
334.0,0.0
333.0,0.0
332.0,0.0
331.0,0.0
330.0,0.0
329.0,0.0
328.0,0.0
327.0,0.0
326.0,0.0
325.0,0.0
324.0,0.0
323.0,0.0
322.0,0.0
321.0,0.0
320.0,0.0
319.0,0.0
318.0,0.0
317.0,0.0
316.0,0.0
315.0,0.0
314.0,0.0
313.0,0.0
312.0,0.0
311.0,0.0
310.0,0.0
309.0,0.0
308.0,0.0
307.0,0.0
306.0,0.0
305.0,0.0
304.0,0.0
303.0,0.0
302.0,0.0
301.0,0.0
300.0,0.0
299.0,0.0
298.0,0.0
297.0,0.0
296.0,0.0
295.0,0.0
294.0,0.0
293.0,0.0
292.0,0.0
291.0,0.0
290.0,0.0
289.0,0.0
288.0,0.0
287.0,0.0
286.0,0.0
285.0,0.0
284.0,0.0
283.0,0.0
282.0,0.0
281.0,0.0
280.0,0.0
279.0,0.0
278.0,0.0
277.0,0.0
276.0,0.0
275.0,0.0
274.0,0.0
273.0,0.0
272.0,0.0
271.0,0.0
270.0,0.0
269.0,0.0
268.0,0.0
267.0,0.0
266.0,0.0
265.0,0.0
264.0,0.0
263.0,0.0
262.0,0.0
261.0,0.0
260.0,0.0
259.0,0.0
258.0,0.0
257.0,0.0
256.0,0.0
255.0,0.0
254.0,0.0
253.0,0.0
252.0,0.0
251.0,0.0
250.0,0.0
249.0,0.0
248.0,0.0
247.0,0.0
246.0,0.0
245.0,0.0
244.0,0.0
243.0,0.0
242.0,0.0
241.0,0.0
240.0,0.0
239.0,0.0
238.0,0.0
237.0,0.0
236.0,0.0
235.0,0.0
234.0,0.0
233.0,0.0
232.0,0.0
231.0,0.0
230.0,0.0
229.0,0.0
228.0,0.0
227.0,0.0
226.0,0.0
225.0,0.0
224.0,0.0
223.0,0.0
222.0,0.0
221.0,0.0
220.0,0.0
219.0,0.0
218.0,0.0
217.0,0.0
216.0,0.0
215.0,0.0
214.0,0.0
213.0,0.0
212.0,0.0
211.0,0.0
210.0,0.0
209.0,0.0
208.0,0.0
207.0,0.0
206.0,0.0
205.0,0.0
204.0,0.0
203.0,0.0
202.0,0.0
201.0,0.0
200.0,0.0
199.0,0.0
198.0,0.0
197.0,0.0
196.0,0.0
195.0,0.0
194.0,0.0
193.0,0.0
192.0,0.0
191.0,0.0
190.0,0.0
189.0,0.0
188.0,0.0
187.0,0.0
186.0,0.0
185.0,0.0
184.0,0.0
183.0,0.0
182.0,0.0
181.0,0.0
180.0,0.0
179.0,0.0
178.0,0.0
177.0,0.0
176.0,0.0
175.0,0.0
174.0,0.0
173.0,0.0
172.0,0.0
171.0,0.0
170.0,0.0
169.0,0.0
168.0,0.0
167.0,0.0
166.0,0.0
165.0,0.0
164.0,0.0
163.0,0.0
162.0,0.0
161.0,0.0
160.0,0.0
159.0,0.0
158.0,0.0
157.0,0.0
156.0,0.0
155.0,0.0
154.0,0.0
153.0,0.0
152.0,0.0
151.0,0.0
150.0,0.0
149.0,0.0
148.0,0.0
147.0,0.0
146.0,0.0
145.0,0.0
144.0,0.0
143.0,0.0
142.0,0.0
141.0,0.0
140.0,0.0
139.0,0.0
138.0,0.0
137.0,0.0
136.0,0.0
135.0,0.0
134.0,0.0
133.0,0.0
132.0,0.0
131.0,0.0
130.0,0.0
129.0,0.0
128.0,0.0
127.0,0.0
126.0,0.0
125.0,0.0
124.0,0.0
123.0,0.0
122.0,0.0
121.0,0.0
120.0,0.0
119.0,0.0
118.0,0.0
117.0,0.0
116.0,0.0
115.0,0.0
114.0,0.0
113.0,0.0
112.0,0.0
111.0,0.0
110.0,0.0
109.0,0.0
108.0,0.0
107.0,0.0
106.0,0.0
105.0,0.0
104.0,0.0
103.0,0.0
102.0,0.0
101.0,0.0
100.0,0.0
99.0,0.0
98.0,0.0
97.0,0.0
96.0,0.0
95.0,0.0
94.0,0.0
93.0,0.0
92.0,0.0
91.0,0.0
90.0,0.0
